,Galaxy,RA,Dec,Type,BT,Ai,v,É›,classes,MainClass,SubClass,Class,ClassInt
0,-1.0,-3.0,-4.0,-9.0,-12.0,-14.0,-17.0,-18.0,,-9.0,irrelevant,Irrelevant,-1
1,F703,15 11 00,-15 16.7,S S5 2.2,-12.41,0.34,2270.0,15.0,Sx,S,S5,Spiral,0
2,HA72,13 57 39,-45 10.6,S S5 2.5,-12.83,0.38,1456.0,50.0,Sx,S,S5,Spiral,0
3,HA85-1,05 09 25,-14 51.0,S S5 2.0,-12.69,0.35,2140.0,165.0,Sx,S,S5,Spiral,0
4,HA85-2,18 52 53,-54 36.9,E 3,12.65,0.0,2761.0,113.0,E3,E,3,Elliptical,1
5,IC1459,22 54 23,-36 43.8,E 4,10.96,0.0,1628.0,36.0,E4,E,4,Elliptical,1
6,IC1783,02 07 57,-33 10.5,S T4 2.0,-13.1,0.46,3299.0,78.0,Sx,S,T4,Spiral,0
7,IC1788,02 13 39,-31 26.0,S S4 2.0U,13.1,0.57,3388.0,50.0,Sx,S,S4,Spiral,0
8,IC1933,03 24 15,-52 57.5,SB S5 2.5,-13.01,0.46,1063.0,98.0,SBx,SB,S5,Spiral,0
9,IC1953,03 31 29,-21 38.6,SB T4 2.0,-12.28,0.36,1884.0,20.0,SBx,SB,T4,Spiral,0
10,IC1954,03 30 06,-52 04.4,S S5 2.2,12.05,0.53,1054.0,67.0,Sx,S,S5,Spiral,0
11,IC2006,03 52 37,-36 06.9,E 1,12.27,0.0,1383.0,86.0,E1,E,1,Elliptical,1
12,IC2035,04 07 29,-45 38.8,LB14 P,12.18,0.0,1458.0,100.0,S0,LB14,P,Spiral,0
13,IC2056,04 15 39,-60 20.0,S S5 2.0,12.19,0.33,1129.0,103.0,Sx,S,S5,Spiral,0
14,IC2522,09 52 59,-32 54.0,SX S5 1.5,-12.72,0.47,2988.0,15.0,Sx,SX,S5,Spiral,0
15,IC2537,10 01 35,-27 19.5,S S5 1.5,12.9,0.4,2800.0,50.0,Sx,S,S5,Spiral,0
16,IC2627,11 07 26,-23 27.3,S R5 1.5,12.6,0.3,2076.0,15.0,Sx,S,R5,Spiral,0
17,IC2995,12 03 13,-27 39.7,S S5 3.0,-12.68,0.65,1840.0,15.0,Sx,S,S5,Spiral,0
18,IC3253,12 21 07,-34 20.7,S S5 2.5,12.42,0.55,2864.0,59.0,Sx,S,S5,Spiral,0
19,IC3370,12 24 59,-39 03.7,E 2 P,12.11,0.0,2973.0,83.0,E2,E,2,Elliptical,1
20,IC3896,12 53 51,-05 04.6,E 1,12.85,0.0,2274.0,110.0,E1,E,1,Elliptical,1
21,IC4296,13 33 47,-33 42.4,E 0,11.58,0.0,3633.0,66.0,E0,E,0,Elliptical,1
22,IC4329,13 46 14,-30 02.8,L 15,12.6,0.0,4356.0,56.0,S0,L,15,Irregular,2
23,IC4351,13 55 03,-29 04.3,S 3,-12.3,1.32,2601.0,37.0,Sx,S,3,Spiral,0
24,IC4444,14 28 27,-43 11.9,S S5 2.0,12.19,0.33,2006.0,13.0,Sx,S,S5,Spiral,0
25,IC4662,17 42 12,-64 37.3,I 9 3.0,11.76,0.23,439.0,24.0,I,I,9,Irregular,2
26,IC4710,18 23 28,-67 00.8,SB S7 4.0,-12.35,0.39,700.0,50.0,SBx,SB,S7,Spiral,0
27,IC4721,18 30 03,-58 32.2,S S5 2.0,12.63,0.66,2095.0,45.0,Sx,S,S5,Spiral,0
28,IC4797,18 52 28,-54 22.3,F 15 5,12.29,0.0,2632.0,76.0,E,F,15,Irregular,2
29,IC4837,19 11 12,-54 45.1,S S5 2.5,12.75,0.53,2708.0,60.0,Sx,S,S5,Spiral,0
30,IC4889,19 41 19,-54 27.6,L 25,-12.2,0.0,2531.0,68.0,S0,L,25,Irregular,2
31,IC5020,20 27 29,-33 39.2,S R2,-13.1,0.7,3050.0,50.0,Sx,S,R2,Spiral,0
32,IC5039,20 40 11,-30 02.1,S S5 3.0U,13.25,0.75,2700.0,50.0,Sx,S,S5,Spiral,0
33,IC5052,20 47 26,-69 23.6,S 7 O,-12.12,0.87,307.0,70.0,Sx,S,7,Spiral,0
34,IC5063,20 48 12,-57 15.2,S 53 0 P,13.22,0.0,3402.0,15.0,Sx,S,53,Spiral,0
35,IC5105,21 21 12,-40 45.1,E 5,12.66,0.0,5363.0,160.0,E5,E,5,Elliptical,1
36,IC5135,21 45 21,-35 11.2,S 1 P,12.92,0.28,4796.0,71.0,Sx,S,1,Spiral,0
37,IC5152,21 59 36,-51 32.,S 8 4.5,-11.68,0.24,119.0,14.0,Sx,S,8,Spiral,0
38,IC5156,22 00 20,-34 05.0,S S3 2.5,-13.2,,2584.0,193.0,Sx,S,S3,Spiral,0
39,IC5179,22 13 14,-37 05.7,S S5 2.5,12.7,0.52,3447.0,25.0,Sx,S,S5,Spiral,0
40,IC5181,22 10 18,-46 16.4,L 17,12.36,0.0,2017.0,76.0,S0,L,17,Irregular,2
41,IC5201,22 17 55,-46 17.0,SB 6 2.0,11.54,0.54,771.0,70.0,SBx,SB,6,Spiral,0
42,IC5240,22 38 53,-45 02.0,SB R1,-12.26,0.59,1773.0,19.0,SBx,SB,R1,Spiral,0
43,IC5267,22 54 22,-43 39.9,S R1,11.39,0.27,1719.0,19.0,Sx,S,R1,Spiral,0
44,IC5269,22 54 57,-36 17.7,L 17,13.57,0.0,2162.0,38.0,S0,L,17,Irregular,2
45,IC5271,22 55 16,-34 00.6,S T3 2.0,-12.6,0.6,1735.0,10.0,Sx,S,T3,Spiral,0
46,IC5273,22 56 40,-37 58.4,SB S5 2.5,11.9,0.39,1293.0,15.0,SBx,SB,S5,Spiral,0
47,IC5325,23 26 02,-41 36.7,S S5 2.5,-12.31,0.28,1477.0,22.0,Sx,S,S5,Spiral,0
48,IC5328,23 30 36,-45 17.4,L 13,11.95,0.0,3049.0,120.0,S0,L,13,Irregular,2
49,IC5332,23 31 48,-36 22.6,S S5 2.5,11.25,0.38,704.0,11.0,Sx,S,S5,Spiral,0
50,IC749,11 56 00,43 00.8,SB T5 2.5,12.8,0.36,798.0,15.0,SBx,SB,T5,Spiral,0
51,IC750,11 56 17,43 00.1,S 3U,12.8,0.71,713.0,75.0,Sx,S,3U,Spiral,0
52,IC764,12 07 39,-29 27.5,S R3 1.5,-12.35,0.99,2127.0,15.0,Sx,S,R3,Spiral,0
53,LMC,05 24 00,-69 48.,SB 9 3.0,0.63,0.16,270.0,5.0,SBx,SB,9,Spiral,0
54,NEW1,01 02 33,-06 28.6,SB S5 2.2,-12.21,0.32,983.0,96.0,SBx,SB,S5,Spiral,0
55,NEW2,12 32 55,-39 38.0,SB T2 1.0,12.81,0.51,3513.0,25.0,SBx,SB,T2,Spiral,0
56,NEW3,12 46 47,-09 50.8,SB S4 3.0,-12.1,0.36,1312.0,15.0,SBx,SB,S4,Spiral,0
57,NEW4,12 52 39,00 23.2,S S5 3.0,-12.55,0.45,1324.0,15.0,Sx,S,S5,Spiral,0
58,NEW5,20 20 33,-44 09.4,SB 1,12.66,0.0,2942.0,63.0,SBx,SB,1,Spiral,0
59,NEW6,21 19 56,-45 59.2,S S5 1.0,-12.56,0.73,2650.0,50.0,Sx,S,S5,Spiral,0
60,NGC1022,02 36 04,-06 53.4,SB R1 P,12.2,0.54,1498.0,46.0,SBx,SB,R1,Spiral,0
61,NGC1023,02 37 16,38 50.9,LB15,10.36,0.0,661.0,13.0,S0,LB15,irrelevant,Spiral,0
62,NGC1035,02 37 01,-08 20.8,S 5 : 3.0,-13.07,0.65,1237.0,10.0,Sx,S,5,Spiral,0
63,NGC1042,02 37 56,-08 38.8,S T5 1.5,11.49,0.35,1368.0,9.0,Sx,S,T5,Spiral,0
64,NGC1052,02 38 37,-08 28.1,F 3,11.53,0.0,1471.0,11.0,E,F,3,Irregular,2
65,NGC1055,02 39 11,00 13.7,S S4 2.0,11.42,0.63,993.0,9.0,Sx,S,S4,Spiral,0
66,NGC1058,02 40 23,37 07.8,S S5 2.5,12.15,0.3,518.0,1.0,Sx,S,S5,Spiral,0
67,NGC1068,02 40 07,-00 13.5,S T3 2.0,9.55,0.52,1131.0,6.0,Sx,S,T3,Spiral,0
68,NGC1073,02 41 05,01 09.9,SB T5 2.0,11.5,0.3,1210.0,20.0,SBx,SB,T5,Spiral,0
69,NGC1079,02 41 35,-29 12.9,S S1,12.22,0.0,2252.0,250.0,Sx,S,S1,Spiral,0
70,NGC1084,02 43 32,-07 47.1,S S5 2.2,11.25,0.52,1410.0,8.0,Sx,S,S5,Spiral,0
71,NGC1087,02 43 52,-00 42.5,S S5 3.3,11.56,0.43,1530.0,32.0,Sx,S,S5,Spiral,0
72,NGC1090,02 44 01,-00 27.4,SB S5 1.5,12.6,0.57,2736.0,14.0,SBx,SB,S5,Spiral,0
73,NGC1097,02 44 11,-30 29.1,SB T4 1.5,10.16,0.41,1319.0,16.0,SBx,SB,T4,Spiral,0
74,NGC1140,02 52 08,-10 13.9,S 3 B,12.85,0.74,1509.0,7.0,Sx,S,3,Spiral,0
75,NGC1156,02 56 47,25 02.4,S 9 4.0,12.25,0.19,373.0,10.0,Sx,S,9,Spiral,0
76,NGC1169,03 00 10,46 11.1,SB R1 1.0,12.5,0.32,2378.0,15.0,SBx,SB,R1,Spiral,0
77,NGC1172,02 59 16,-15 01.8,L 1,13.0,0.0,1542.0,50.0,S0,L,1,Irregular,2
78,NGC1175,03 01 16,42 08.7,L 38,13.81,0.0,5458.0,60.0,S0,L,38,Irregular,2
79,NGC1179,03 00 21,-19 05.6,SB T5 1.5,-12.21,0.34,1770.0,15.0,SBx,SB,T5,Spiral,0
80,NGC1187,03 00 24,-23 03.8,SB S4 1.5,-10.93,0.36,1436.0,29.0,SBx,SB,S4,Spiral,0
81,NGC1199,03 01 19,-15 48.6,E 2,12.42,0.0,2666.0,20.0,E2,E,2,Elliptical,1
82,NGC1201,03 01 58,-26 15.9,L 16,11.56,0.0,1722.0,50.0,S0,L,16,Irregular,2
83,NGC1209,03 03 44,-15 48.2,E 6,12.26,0.0,2634.0,37.0,E7,E,6,Elliptical,1
84,NGC1232,03 07 30,-20 46.2,S T5 1.0,10.5,0.32,1782.0,52.0,Sx,S,T5,Spiral,0
85,NGC1241,03 08 49,-09 06.6,SB S4 1.2,-12.66,0.45,4028.0,100.0,SBx,SB,S4,Spiral,0
86,NGC1249,03 08 35,-53 31.4,SB S5 2.0,11.8,0.54,1031.0,54.0,SBx,SB,S5,Spiral,0
87,NGC1255,03 11 23,-25 54.7,S S5 2.0,11.6,0.42,1688.0,21.0,Sx,S,S5,Spiral,0
88,NGC1275,03 16 30,41 19.8,E P,12.35,0.0,5216.0,20.0,E,E,P,Elliptical,1
89,NGC128,00 26 41,02 35.3,L 38 P,12.63,0.0,4253.0,35.0,S0,L,38,Irregular,2
90,NGC1288,03 15 12,-32 45.3,S R2 1.5,12.8,0.47,4526.0,14.0,Sx,S,R2,Spiral,0
91,NGC1291,03 15 29,-41 18.5,SB 1,9.42,0.25,839.0,4.0,SBx,SB,1,Spiral,0
92,NGC1292,03 16 08,-27 47.8,S S5 2.0,-12.59,0.53,1434.0,36.0,Sx,S,S5,Spiral,0
93,NGC1297,03 16 59,-19 17.0,E 2,-12.61,0.0,1599.0,80.0,E2,E,2,Elliptical,1
94,NGC1300,03 17 25,-19 35.5,SB S3 1.2,11.1,0.67,1535.0,9.0,SBx,SB,S3,Spiral,0
95,NGC1302,03 17 43,-26 14.4,S 1,11.38,0.0,1703.0,8.0,Sx,S,1,Spiral,0
96,NGC1309,03 19 47,-15 34.7,S T3 2.0,12.0,0.45,2136.0,7.0,Sx,S,T3,Spiral,0
97,NGC1313,03 17 39,-66 40.7,SB S5 3.5,9.37,0.38,452.0,15.0,SBx,SB,S5,Spiral,0
98,NGC1316,03 20 47,-37 23.1,S 1 P M?,9.6,0.28,1801.0,39.0,Sx,S,1,Spiral,0
99,NGC1317,03 20 51,-37 16.9,S 1,12.04,0.0,1980.0,70.0,Sx,S,1,Spiral,0
100,NGC1325,03 22 13,-21 43.1,S 3,12.32,0.98,1596.0,15.0,Sx,S,3,Spiral,0
101,NGC1326,03 22 01,-36 38.4,SB 1,11.34,0.0,1362.0,7.0,SBx,SB,1,Spiral,0
102,NGC1332,03 24 04,-21 30.5,L 16,11.29,0.0,1477.0,19.0,S0,L,16,Irregular,2
103,NGC1337,03 25 40,-08 33.7,S S5 1.5,12.28,0.74,1237.0,7.0,Sx,S,S5,Spiral,0
104,NGC1339,03 26 06,-32 27.3,E 4,12.37,0.0,1287.0,79.0,E4,E,4,Elliptical,1
105,NGC134,00 27 54,-33 31.3,S S4 2.5:,10.96,0.72,1581.0,14.0,Sx,S,S4,Spiral,0
106,NGC1341,03 26 05,-37 19.3,SB S5 2.5,-13.18,0.29,1884.0,60.0,SBx,SB,S5,Spiral,0
107,NGC1344,03 26 18,-31 14.4,L 15,11.28,0.0,1266.0,36.0,S0,L,15,Irregular,2
108,NGC1350,03 29 10,-33 47.9,S R1,11.4,0.38,1940.0,82.0,Sx,S,R1,Spiral,0
109,NGC1351,03 28 36,-35 02.,K 16 6,12.65,0.0,1589.0,120.0,S0,K,16,Irregular,2
110,NGC1353,03 29 49,-20 59.3,S 4 2.0,12.25,0.58,1545.0,91.0,Sx,S,4,Spiral,0
111,NGC1357,03 30 56,-13 50.0,S S1,12.6,0.61,2095.0,63.0,Sx,S,S1,Spiral,0
112,NGC1358,03 31 11,-05 15.4,SB S1 1.0,13.0,0.0,4071.0,90.0,SBx,SB,S1,Spiral,0
113,NGC1359,03 31 33,-19 39.5,S S5 2.5,12.6,0.34,1992.0,54.0,Sx,S,S5,Spiral,0
114,NGC1365,03 31 42,-36 18.3,SB S3 1.0,10.21,0.76,1652.0,18.0,SBx,SB,S3,Spiral,0
115,NGC1366,03 31 53,-31 21.6,L 18,-12.81,0.0,891.0,118.0,S0,L,18,Irregular,2
116,NGC1371,03 32 53,-25 06.0,S S1,-11.5,0.0,1462.0,7.0,Sx,S,S1,Spiral,0
117,NGC1374,03 33 21,-35 23.5,E 0,12.3,0.0,1289.0,100.0,E0,E,0,Elliptical,1
118,NGC1376,03 34 37,-05 12.3,S S5 2.0,-12.79,0.06,4157.0,9.0,Sx,S,S5,Spiral,0
119,NGC1379,03 34 08,-35 36.3,E,12.07,0.0,1457.0,116.0,E,E,irrelevant,Elliptical,1
120,NGC1380,03 34 31,-35 08.4,S 57 0,11.1,0.0,1861.0,42.0,Sx,S,57,Spiral,0
121,NGC1381,03 34 36,-35 27.5,L 1Z,12.34,0.0,1871.0,118.0,S0,L,1Z,Irregular,2
122,NGC1385,03 35 20,-24 39.9,S 5 3.0:,11.65,0.44,2012.0,180.0,Sx,S,5,Spiral,0
123,NGC1386,03 34 52,-36 09.9,S 1,12.0,0.92,918.0,34.0,Sx,S,1,Spiral,0
124,NGC1387,03 35 02,-35 40.2,LB3 P,11.83,0.0,1274.0,106.0,S0,LB3,P,Spiral,0
125,NGC1389,03 35 17,-35 54.5,LB15,12.39,0.0,1070.0,154.0,S0,LB15,irrelevant,Spiral,0
126,NGC1395,03 36 19,-23 11.4,E 2,11.18,0.0,1702.0,21.0,E2,E,2,Elliptical,1
127,NGC1398,03 36 45,-26 29.9,SB R2 1.0,10.6,0.56,1524.0,40.0,SBx,SB,R2,Spiral,0
128,NGC1399,03 36 35,-35 36.7,E 1,10.79,0.0,1465.0,100.0,E1,E,1,Elliptical,1
129,NGC1400,03 37 15,-18 50.9,F 11 1,12.08,0.0,524.0,31.0,E,F,11,Irregular,2
130,NGC1404,03 36 57,-35 45.3,E 2,11.06,0.0,1994.0,100.0,E2,E,2,Elliptical,1
131,NGC1406,03 37 23,-31 29.1,S 5 2.0U,-12.59,0.82,1072.0,13.0,Sx,S,5,Spiral,0
132,NGC1407,03 37 57,-18 44.4,E 0,10.93,0.0,1784.0,30.0,E0,E,0,Elliptical,1
133,NGC1411,03 37 04,-44 15.9,L 34,11.7,0.0,1058.0,84.0,S0,L,34,Irregular,2
134,NGC1415,03 38 47,-22 43.4,SX 1 L,12.55,0.75,1564.0,9.0,Sx,SX,1,Spiral,0
135,NGC1417,03 39 28,-04 51.9,S S3 1.3,12.75,0.67,4101.0,50.0,Sx,S,S3,Spiral,0
136,NGC1421,03 40 09,-13 38.9,S 5 3.0:,11.95,0.76,2080.0,10.0,Sx,S,5,Spiral,0
137,NGC1425,03 40 10,-30 03.3,S R5 2.0,-11.6,0.83,1510.0,15.0,Sx,S,R5,Spiral,0
138,NGC1426,03 40 38,-22 16.0,E 4,12.37,0.0,1443.0,6.0,E4,E,4,Elliptical,1
139,NGC1427,03 40 25,-35 33.1,E 5,11.94,0.0,1681.0,92.0,E5,E,5,Elliptical,1
140,NGC1433,03 40 27,-47 22.8,SB S3 1.5,10.68,0.5,1061.0,14.0,SBx,SB,S3,Spiral,0
141,NGC1437,03 41 42,-36 00.4,S S5 2.0,-12.58,0.4,1162.0,77.0,Sx,S,S5,Spiral,0
142,NGC1439,03 42 38,-22 04.6,E 1,12.58,0.0,1670.0,10.0,E1,E,1,Elliptical,1
143,NGC1440,03 42 48,-18 25.1,LB15,12.69,0.0,1534.0,68.0,S0,LB15,irrelevant,Spiral,0
144,NGC1448,03 42 54,-44 48.1,S 5 2.0V,11.3,0.85,1168.0,11.0,Sx,S,5,Spiral,0
145,NGC1452,03 43 08,-18 47.3,SB R1,-13.07,0.0,1904.0,43.0,SBx,SB,R1,Spiral,0
146,NGC1453,03 43 57,-04 07.6,E 2,12.65,0.0,3941.0,26.0,E2,E,2,Elliptical,1
147,NGC1461,03 46 11,-16 32.4,L 38,12.9,0.0,1450.0,90.0,S0,L,38,Irregular,2
148,NGC147,00 30 28,48 13.8,E 5,10.36,0.0,-160.0,50.0,E5,E,5,Elliptical,1
149,NGC148,00 31 48,-32 03.7,L 36R,13.04,0.0,1897.0,23.0,S0,L,36R,Irregular,2
150,NGC1487,03 54 03,-42 30.9,S P M,12.31,0.42,871.0,39.0,Sx,S,P,Spiral,0
151,NGC1493,03 55 54,-46 21.2,SB T5 3.0,11.82,0.32,1053.0,10.0,SBx,SB,T5,Spiral,0
152,NGC1494,03 56 15,-49 03.0,S S6 2.0,-12.19,0.42,1109.0,122.0,Sx,S,S6,Spiral,0
153,NGC150,00 31 49,-28 04.7,S S4 2.0,11.75,0.51,1580.0,14.0,Sx,S,S4,Spiral,0
154,NGC1507,04 01 56,-02 19.5,S 5,12.7,0.75,867.0,37.0,Sx,S,5,Spiral,0
155,NGC151,00 31 30,-09 58.9,SB T4 2.0,12.28,0.54,3741.0,10.0,SBx,SB,T4,Spiral,0
156,NGC1511,03 59 18,-67 46.,S 5 P,12.05,0.67,1349.0,55.0,Sx,S,5,Spiral,0
157,NGC1512,04 02 16,-43 29.2,SB T3 P 1.0,11.38,0.56,896.0,5.0,SBx,SB,T3,Spiral,0
158,NGC1515,04 02 51,-54 14.0,S S3 2.0,11.93,1.23,1131.0,50.0,Sx,S,S3,Spiral,0
159,NGC1518,04 04 38,-21 18.7,S 5 3.0,12.3,0.58,966.0,9.0,Sx,S,5,Spiral,0
160,NGC1521,04 06 08,-21 11.1,E 3,12.63,0.0,4222.0,50.0,E3,E,3,Elliptical,1
161,NGC1527,04 06 55,-48 01.6,L 36,11.7,0.0,1037.0,66.0,S0,L,36,Irregular,2
162,NGC1531,04 10 04,-32 58.7,I 0,12.8,,1157.0,76.0,I,I,0,Irregular,2
163,NGC1532,04 10 09,-33 00.0,S S2 T?1.0,-11.53,1.09,1208.0,14.0,Sx,S,S2,Spiral,0
164,NGC1533,04 08 50,-56 15.0,SB32 0,11.71,0.0,740.0,58.0,SBx,SB32,0,Spiral,0
165,NGC1536,04 09 57,-56 36.9,SB S5 P,13.1,0.34,1350.0,200.0,SBx,SB,S5,Spiral,0
166,NGC1537,04 11 44,-31 46.3,E 6,11.62,0.0,1353.0,90.0,E7,E,6,Elliptical,1
167,NGC1543,04 11 47,-57 52.0,SB40 0,11.49,0.0,1400.0,200.0,SBx,SB40,0,Spiral,0
168,NGC1546,04 13 33,-56 11.0,S S4 3.0,12.48,0.55,1190.0,93.0,Sx,S,S4,Spiral,0
169,NGC1549,04 14 39,-55 42.9,E 2,10.76,0.0,1173.0,53.0,E2,E,2,Elliptical,1
170,NGC1553,04 15 05,-55 54.2,L 25 P,10.42,0.0,1236.0,41.0,S0,L,25,Irregular,2
171,NGC1559,04 17 01,-62 54.3,SB S5 2.8,10.97,0.46,1295.0,15.0,SBx,SB,S5,Spiral,0
172,NGC1566,04 18 53,-55 03.4,S S5 1.0,10.21,0.36,1487.0,14.0,Sx,S,S5,Spiral,0
173,NGC1569,04 26 05,64 44.4,S 9 4.0,11.9,0.27,-83.0,10.0,Sx,S,9,Spiral,0
174,NGC157,00 32 14,-08 40.3,S S5 1.5,11.04,0.43,1678.0,10.0,Sx,S,S5,Spiral,0
175,NGC1574,04 20 59,-57 05.4,LB33,11.19,0.0,890.0,200.0,S0,LB33,irrelevant,Spiral,0
176,NGC1596,04 26 35,-55 08.1,L 17,12.02,0.0,1479.0,67.0,S0,L,17,Irregular,2
177,NGC16,00 06 29,27 27.2,LB14,12.98,0.0,3110.0,50.0,S0,LB14,irrelevant,Spiral,0
178,NGC1600,04 29 12,-05 11.5,E 4,12.12,0.0,4738.0,60.0,E4,E,4,Elliptical,1
179,NGC1617,04 30 37,-54 42.5,S S1,11.37,0.82,1040.0,50.0,Sx,S,S1,Spiral,0
180,NGC1625,04 34 35,-03 24.2,S 4,13.2,0.76,3033.0,96.0,Sx,S,4,Spiral,0
181,NGC1637,04 38 58,-02 57.1,SB S5 2.3,11.52,0.33,717.0,6.0,SBx,SB,S5,Spiral,0
182,NGC1638,04 39 05,-01 54.1,S 1,13.06,0.28,3306.0,85.0,Sx,S,1,Spiral,0
183,NGC1640,04 40 04,-20 31.8,SB R4 1.5,12.45,0.4,1676.0,85.0,SBx,SB,R4,Spiral,0
184,NGC1659,04 44 02,-04 52.7,S S5 2.5,13.19,0.36,4537.0,74.0,Sx,S,S5,Spiral,0
185,NGC1667,04 46 10,-06 24.4,S R5 :P 2.0,12.75,0.36,4585.0,44.0,Sx,S,R5,Spiral,0
186,NGC1672,04 44 58,-59 19.6,S T3 2.0,11.03,0.55,1335.0,13.0,Sx,S,T3,Spiral,0
187,NGC1688,04 47 41,-59 53.3,SB S5 2.5,12.49,0.37,1247.0,30.0,SBx,SB,S5,Spiral,0
188,NGC1700,04 54 28,-04 56.5,E 3,11.96,0.0,3953.0,31.0,E3,E,3,Elliptical,1
189,NGC1705,04 53 07,-53 26.5,I 0,12.8,,640.0,40.0,I,I,0,Irregular,2
190,NGC1726,04 57 18,-07 49.8,E 34 4,12.99,0.0,4072.0,60.0,E3,E,34,Elliptical,1
191,NGC1744,04 57 56,-26 05.8,SB S6 2.5,11.7,0.47,750.0,8.0,SBx,SB,S6,Spiral,0
192,NGC175,00 34 52,-20 12.3,SB R2 1.5,12.8,0.48,3883.0,49.0,SBx,SB,R2,Spiral,0
193,NGC178,00 36 37,-14 26.8,S 5 4.0,13.1,0.48,1492.0,36.0,Sx,S,5,Spiral,0
194,NGC1784,05 03 07,-11 56.4,SB T4 1.5,12.39,0.43,2314.0,9.0,SBx,SB,T4,Spiral,0
195,NGC1792,05 03 30,-38 02.7,S S5 2.0,10.85,0.53,1212.0,19.0,Sx,S,S5,Spiral,0
196,NGC1796,05 02 08,-61 12.4,SB S5 3.0,13.06,0.5,987.0,40.0,SBx,SB,S5,Spiral,0
197,NGC1800,05 04 33,-32 01.2,I 0,13.1,,723.0,44.0,I,I,0,Irregular,2
198,NGC1808,05 05 59,-37 34.7,S 4 P,10.7,0.5,977.0,14.0,Sx,S,4,Spiral,0
199,NGC1832,05 09 48,-15 44.8,SB R3 1.0,12.1,0.64,1936.0,7.0,SBx,SB,R3,Spiral,0
200,NGC185,00 36 11,48 03.7,E 3 P,10.13,0.0,-227.0,22.0,E3,E,3,Elliptical,1
201,NGC1947,05 26 11,-63 48.0,L 50 P,11.86,0.0,1289.0,115.0,S0,L,50,Irregular,2
202,NGC1961,05 36 34,69 21.3,S T3 P 2.0,11.81,0.64,3935.0,7.0,Sx,S,T3,Spiral,0
203,NGC1964,05 31 14,-21 58.9,S 3 1.5,11.6,0.95,1700.0,32.0,Sx,S,3,Spiral,0
204,NGC205,00 37 38,41 24.9,K 5 P,8.83,0.0,-239.0,11.0,S0,K,5,Irregular,2
205,NGC2082,05 41 36,-64 19.2,S S5 2.5,-12.96,0.37,1273.0,59.0,Sx,S,S5,Spiral,0
206,NGC2090,05 45 15,-34 16.4,S S5 2.0,11.85,0.53,928.0,15.0,Sx,S,S5,Spiral,0
207,NGC210,00 38 04,-14 08.8,S T3 1.0,11.65,0.64,1768.0,40.0,Sx,S,T3,Spiral,0
208,NGC2139,05 59 04,-23 40.3,SB S5 2.3,12.05,0.33,1836.0,9.0,SBx,SB,S5,Spiral,0
209,NGC214,00 38 49,25 13.5,S R5 1.0,12.95,0.38,4499.0,33.0,Sx,S,R5,Spiral,0
210,NGC2146,06 10 45,78 22.5,S 3 P 2.0,11.24,0.7,883.0,8.0,Sx,S,3,Spiral,0
211,NGC2179,06 05 47,-21 44.3,S 1,13.4,0.31,2761.0,105.0,Sx,S,1,Spiral,0
212,NGC2188,06 08 21,-34 05.7,S 6 3.0,12.31,0.73,743.0,12.0,Sx,S,6,Spiral,0
213,NGC2196,06 10 04,-21 47.8,S S2 1.0,12.1,0.56,2334.0,17.0,Sx,S,S2,Spiral,0
214,NGC2207,06 14 14,-21 21.2,S S5 1.2,11.35,0.43,2741.0,15.0,Sx,S,S5,Spiral,0
215,NGC221,00 39 59,40 35.5,E 2,9.01,0.0,-200.0,6.0,E2,E,2,Elliptical,1
216,NGC2217,06 19 41,-27 12.5,SB S1,11.59,0.24,1609.0,10.0,SBx,SB,S1,Spiral,0
217,NGC2223,06 22 31,-22 48.7,SB R4 1.3,12.15,0.32,2691.0,15.0,SBx,SB,R4,Spiral,0
218,NGC224,00 40 00,40 59.7,S 3 1.5,4.38,1.03,-297.0,0.0,Sx,S,3,Spiral,0
219,NGC2268,07 00 49,84 27.8,S S4 2.0,12.23,0.45,2228.0,7.0,Sx,S,S4,Spiral,0
220,NGC227,00 40 04,-01 48.3,E 5,13.35,0.0,5315.0,65.0,E5,E,5,Elliptical,1
221,NGC2276,07 10 31,85 50.9,S R5 2.5,11.98,0.3,2416.0,11.0,Sx,S,R5,Spiral,0
222,NGC2280,06 42 50,-27 35.2,S S5 1.2,-11.96,0.49,1900.0,8.0,Sx,S,S5,Spiral,0
223,NGC23,00 07 19,25 38.8,S 3 1.5,12.8,0.64,4568.0,15.0,Sx,S,3,Spiral,0
224,NGC2300,07 15 47,85 48.6,E 3,12.14,0.0,1958.0,29.0,E3,E,3,Elliptical,1
225,NGC2310,06 52 40,-40 48.0,L 48,12.48,0.0,1217.0,125.0,S0,L,48,Irregular,2
226,NGC2314,07 03 54,75 24.4,E 3,12.99,0.0,3872.0,26.0,E3,E,3,Elliptical,1
227,NGC2325,07 00 42,-28 37.4,E 4,12.38,0.0,2248.0,83.0,E4,E,4,Elliptical,1
228,NGC2336,07 18 28,80 16.6,SB R4 1.0,11.12,0.49,2206.0,7.0,SBx,SB,R4,Spiral,0
229,NGC2339,07 05 25,18 51.7,SB S5 2.0,12.3,0.38,2252.0,10.0,SBx,SB,S5,Spiral,0
230,NGC2347,07 11 16,64 48.1,S R3 1.5,13.3,0.6,4521.0,80.0,Sx,S,R3,Spiral,0
231,NGC2366,07 23 37,69 19.1,SB 9 4.5,11.46,0.29,98.0,3.0,SBx,SB,9,Spiral,0
232,NGC2369,07 16 05,-62 15.2,S S4 P 1.0,12.68,0.67,3282.0,51.0,Sx,S,S4,Spiral,0
233,NGC237,00 40 55,-00 24.0,S T5 1.5,13.7,0.43,4139.0,68.0,Sx,S,T5,Spiral,0
234,NGC2397,07 21 30,-68 54.2,S S5 3.0,12.94,0.53,1311.0,42.0,Sx,S,S5,Spiral,0
235,NGC24,00 07 24,-25 14.6,S S5 2.5,12.1,0.75,560.0,14.0,Sx,S,S5,Spiral,0
236,NGC2403,07 32 03,65 42.7,S S5 3.0,8.89,0.46,131.0,2.0,Sx,S,S5,Spiral,0
237,NGC2427,07 35 01,-47 31.4,S S5 2.5,12.33,0.58,970.0,14.0,Sx,S,S5,Spiral,0
238,NGC2434,07 35 00,-69 10.4,E 0,12.3,0.0,1388.0,73.0,E0,E,0,Elliptical,1
239,NGC2441,07 46 20,73 09.4,S R5 1.5,13.0,0.32,3623.0,89.0,Sx,S,R5,Spiral,0
240,NGC2442,07 36 32,-69 25.0,SB T4 2.0,11.16,0.31,1427.0,22.0,SBx,SB,T4,Spiral,0
241,NGC245,00 43 32,-01 59.6,S 4 P 2.2:,-13.18,0.31,4114.0,50.0,Sx,S,4,Spiral,0
242,NGC2460,07 52 36,60 29.0,S S2,12.6,0.58,1451.0,7.0,Sx,S,S2,Spiral,0
243,NGC247,00 44 40,-21 02.0,S S5 3.5,9.51,0.63,156.0,4.0,Sx,S,S5,Spiral,0
244,NGC2500,07 58 08,50 52.6,S S5 2.8,12.21,0.3,516.0,6.0,Sx,S,S5,Spiral,0
245,NGC2523,08 09 15,73 43.8,SB R3 1.0,12.65,0.67,3448.0,140.0,SBx,SB,R3,Spiral,0
246,NGC2525,08 03 15,-11 17.1,SB S5 2.0,12.29,0.41,1582.0,9.0,SBx,SB,S5,Spiral,0
247,NGC253,00 45 08,-25 33.7,S S5,8.13,0.75,245.0,5.0,Sx,S,S5,Spiral,0
248,NGC2537,08 09 43,46 08.7,S 5 P 3.0,12.35,0.31,441.0,6.0,Sx,S,5,Spiral,0
249,NGC254,00 45 03,-31 41.7,S 16 0,12.66,0.0,1441.0,215.0,Sx,S,16,Spiral,0
250,NGC2541,08 11 02,49 13.0,S S5 3.0,12.25,0.52,560.0,6.0,Sx,S,S5,Spiral,0
251,NGC2545,08 11 20,21 30.4,SB R5 1.5,13.2,0.47,3361.0,8.0,SBx,SB,R5,Spiral,0
252,NGC2549,08 14 57,57 57.6,L 27,12.16,0.0,1082.0,75.0,S0,L,27,Irregular,2
253,NGC255,00 45 16,-11 44.5,SB R5 2.3,12.35,0.32,1610.0,10.0,SBx,SB,R5,Spiral,0
254,NGC2551,08 19 13,73 34.6,S S2 1.0:,13.05,0.63,2296.0,40.0,Sx,S,S2,Spiral,0
255,NGC2552,08 15 42,50 10.1,S 5 R S 7 4.0,12.8,0.42,518.0,6.0,Sx,S,5,Spiral,0
256,NGC2608,08 32 15,28 38.8,S S4 2.0,12.8,0.45,2135.0,20.0,Sx,S,S4,Spiral,0
257,NGC2613,08 31 11,-22 48.0,S S3 2.0U,11.35,1.13,1685.0,30.0,Sx,S,S3,Spiral,0
258,NGC2633,08 42 34,74 17.0,SB S3 1.3,-12.85,0.66,2228.0,40.0,SBx,SB,S3,Spiral,0
259,NGC2639,08 40 04,50 23.2,S 1,12.65,0.67,3187.0,20.0,Sx,S,1,Spiral,0
260,NGC2642,08 38 14,-03 56.6,SB T3 1.5,-12.54,0.44,4439.0,40.0,SBx,SB,T3,Spiral,0
261,NGC2646,08 45 00,73 38.9,LB3,12.95,0.0,3546.0,45.0,S0,LB3,irrelevant,Spiral,0
262,NGC2654,08 45 11,60 24.4,S 2 :,12.75,1.32,1339.0,9.0,Sx,S,2,Spiral,0
263,NGC2655,08 49 08,78 24.8,S 1 P,10.95,0.52,1389.0,13.0,Sx,S,1,Spiral,0
264,NGC2672,08 46 31,19 15.6,E 2,12.61,0.0,3983.0,20.0,E2,E,2,Elliptical,1
265,NGC268,00 47 37,-05 28.1,SB R5 1.5,-13.28,0.38,5515.0,83.0,SBx,SB,R5,Spiral,0
266,NGC2681,08 49 58,51 30.2,S 1,11.09,0.48,715.0,24.0,Sx,S,1,Spiral,0
267,NGC2683,08 49 35,33 36.5,S 3 N,10.61,1.19,404.0,50.0,Sx,S,3,Spiral,0
268,NGC2685,08 51 41,58 55.5,L 57 P,11.93,0.0,881.0,7.0,S0,L,57,Irregular,2
269,NGC2693,08 53 25,51 32.3,E 2,12.77,0.0,4956.0,50.0,E2,E,2,Elliptical,1
270,NGC2701,08 55 28,53 58.3,S S5 2.5,12.8,0.42,2325.0,7.0,Sx,S,S5,Spiral,0
271,NGC2712,08 56 09,45 06.6,SB S3 1.0,12.7,0.74,1840.0,200.0,SBx,SB,S3,Spiral,0
272,NGC2713,08 54 44,03 06.8,S S4 1.0,12.6,0.59,3845.0,42.0,Sx,S,S4,Spiral,0
273,NGC2715,09 01 50,78 17.2,S S5 2.0,11.98,0.64,1339.0,4.0,Sx,S,S5,Spiral,0
274,NGC2732,09 06 54,79 23.6,L 18,12.83,0.0,2120.0,40.0,S0,L,18,Irregular,2
275,NGC274,00 48 30,-07 19.7,L 10,12.98,0.0,1759.0,15.0,S0,L,10,Irregular,2
276,NGC2742,09 03 38,60 40.9,S T5 2.0,12.3,0.5,1296.0,20.0,Sx,S,T5,Spiral,0
277,NGC2748,09 08 01,76 40.9,S S5 2.5,12.4,0.61,1489.0,48.0,Sx,S,S5,Spiral,0
278,NGC2749,09 02 33,18 30.8,E 3,13.11,0.0,4229.0,31.0,E3,E,3,Elliptical,1
279,NGC275,00 48 33,-07 20.1,S P T,13.0,0.38,1754.0,6.0,Sx,S,P,Spiral,0
280,NGC2763,09 04 29,-15 17.9,S R5 2.0,12.67,0.31,1887.0,8.0,Sx,S,R5,Spiral,0
281,NGC2764,09 05 27,21 38.7,I 0 R S 3 P,13.4,,2707.0,14.0,I,I,0,Irregular,2
282,NGC2768,09 07 45,60 14.5,L 26,10.99,0.0,1408.0,175.0,Sx,L,26,Irregular,2
283,NGC2775,09 07 41,07 14.5,S R1,11.2,0.0,1336.0,17.0,Sx,S,R1,Spiral,0
284,NGC2776,09 08 56,45 09.6,S S5 1.0,12.2,0.3,2624.0,8.0,Sx,S,S5,Spiral,0
285,NGC278,00 49 15,47 16.8,S S4 2.2,11.51,0.29,642.0,9.0,Sx,S,S4,Spiral,0
286,NGC2781,09 09 06,-14 36.7,S R1,12.44,0.0,2195.0,60.0,Sx,S,R1,Spiral,0
287,NGC2782,09 10 54,40 19.3,S S1 P,12.15,0.59,2551.0,10.0,Sx,S,S1,Spiral,0
288,NGC2784,09 10 06,-23 57.9,L 14,11.21,0.0,708.0,52.0,S0,L,14,Irregular,2
289,NGC2787,09 14 50,69 24.9,SB 0,11.74,0.0,664.0,36.0,SBx,SB,0,Spiral,0
290,NGC2793,09 13 43,34 38.4,S 5 P 3.0,-12.95,0.35,1681.0,3.0,Sx,S,5,Spiral,0
291,NGC2798,09 14 10,42 12.7,SB S1 T,13.0,0.0,1741.0,17.0,SBx,SB,S1,Spiral,0
292,NGC2811,09 13 50,-16 06.2,S 1,12.25,0.49,2514.0,75.0,Sx,S,1,Spiral,0
293,NGC2815,09 14 05,-23 25.5,S S3 1.5,-12.66,1.01,2590.0,115.0,Sx,S,S3,Spiral,0
294,NGC2832,09 16 45,33 57.6,E 3,12.45,0.0,6946.0,50.0,E3,E,3,Elliptical,1
295,NGC2835,09 15 37,-22 08.8,SB T5 1.2,-10.95,0.42,878.0,12.0,SBx,SB,T5,Spiral,0
296,NGC2841,09 18 35,51 11.3,S 3,10.17,0.87,637.0,4.0,Sx,S,3,Spiral,0
297,NGC2844,09 18 37,40 22.0,S R1:,13.65,0.82,1486.0,9.0,Sx,S,R1:,Spiral,0
298,NGC2848,09 17 49,-16 18.8,S S5 2.0,12.65,0.44,2032.0,15.0,Sx,S,S5,Spiral,0
299,NGC2855,09 19 02,-11 41.8,S R1,12.45,0.49,1911.0,35.0,Sx,S,R1,Spiral,0
300,NGC2859,09 21 15,34 43.7,LB33,11.8,0.0,1599.0,20.0,S0,LB33,irrelevant,Spiral,0
301,NGC2865,09 21 14,-22 56.8,E 4,12.36,0.0,2714.0,75.0,E4,E,4,Elliptical,1
302,NGC2880,09 25 42,62 42.7,LB1,12.61,0.0,1514.0,50.0,S0,LB1,irrelevant,Spiral,0
303,NGC2888,09 24 09,-27 49.1,E 2,13.5,0.0,2233.0,168.0,E2,E,2,Elliptical,1
304,NGC2889,09 24 32,-11 25.3,S R3 2.0,12.5,0.5,3417.0,190.0,Sx,S,R3,Spiral,0
305,NGC289,00 50 17,-31 28.7,SB T4 1.5,-11.81,0.4,1818.0,77.0,SBx,SB,T4,Spiral,0
306,NGC2902,09 28 30,-14 31.0,S 10,13.42,0.0,2065.0,98.0,Sx,S,10,Spiral,0
307,NGC2903,09 29 20,21 43.2,S S5 1.5,9.5,0.53,550.0,50.0,Sx,S,S5,Spiral,0
308,NGC2907,09 29 20,-16 30.9,L 56 P,-13.01,0.0,2065.0,83.0,S0,L,56,Irregular,2
309,NGC2911,09 31 05,10 22.6,L 52 R L P,12.6,0.0,3131.0,32.0,S0,L,52,Irregular,2
310,NGC2924,09 32 49,-16 10.6,E 0,13.28,0.0,4615.0,35.0,E0,E,0,Elliptical,1
311,NGC2935,09 34 27,-20 54.2,SB S3 1.2,-12.0,0.54,2258.0,15.0,SBx,SB,S3,Spiral,0
312,NGC2942,09 36 08,34 14.0,S S5 1.3,-12.79,0.36,4414.0,20.0,Sx,S,S5,Spiral,0
313,NGC2950,09 38 59,59 04.8,LB4,11.82,0.0,1375.0,31.0,S0,LB4,irrelevant,Spiral,0
314,NGC2955,09 38 15,36 06.6,S S5 1.0,13.45,0.51,7056.0,85.0,Sx,S,S5,Spiral,0
315,NGC2962,09 38 17,05 23.6,LB3,12.78,0.0,2117.0,20.0,S0,LB3,irrelevant,Spiral,0
316,NGC2964,09 39 56,32 04.6,S S5 2.2,12.06,0.49,1319.0,18.0,Sx,S,S5,Spiral,0
317,NGC2967,09 39 29,00 33.9,S T5 1.5,12.3,0.3,2245.0,60.0,Sx,S,T5,Spiral,0
318,NGC2968,09 40 15,32 09.6,I 0 R L 5 P,12.8,,1603.0,93.0,I,I,0,Irregular,2
319,NGC2974,09 40 02,-03 28.1,E 4,11.78,0.0,2011.0,35.0,E4,E,4,Elliptical,1
320,NGC2976,09 43 10,68 08.9,S 7 3.5,10.85,0.53,13.0,14.0,Sx,S,7,Spiral,0
321,NGC2983,09 41 22,-20 14.8,SB 1,12.57,0.0,2015.0,100.0,SBx,SB,1,Spiral,0
322,NGC2985,09 45 54,72 30.7,S S2,11.21,0.56,1277.0,50.0,Sx,S,S2,Spiral,0
323,NGC2986,09 41 57,-21 02.9,E 2,12.04,0.0,2397.0,100.0,E2,E,2,Elliptical,1
324,NGC2989,09 43 04,-18 08.6,S S5 1.0,-13.42,0.38,4166.0,55.0,Sx,S,S5,Spiral,0
325,NGC2990,09 43 40,05 56.6,S 5 2.0:,13.2,0.49,3164.0,58.0,Sx,S,5,Spiral,0
326,NGC2992,09 43 18,-14 05.7,S 1 T,12.8,1.05,2200.0,36.0,Sx,S,1,Spiral,0
327,NGC2993,09 43 23,-14 08.1,S 2 T,13.1,0.56,2105.0,46.0,Sx,S,2,Spiral,0
328,NGC2997,09 43 27,-30 57.7,S S5 1.3,10.32,0.37,1081.0,7.0,Sx,S,S5,Spiral,0
329,NGC2998,09 45 35,44 19.0,S T5 1.0,-12.65,0.53,4777.0,8.0,Sx,S,T5,Spiral,0
330,NGC300,00 52 31,-37 57.4,S 5 2.8,8.7,0.39,145.0,2.0,Sx,S,5,Spiral,0
331,NGC3001,09 44 07,-30 12.4,SB S4 1.5,12.72,0.42,2451.0,15.0,SBx,SB,S4,Spiral,0
332,NGC3003,09 45 37,33 39.2,S 5 : 3.0:,12.17,0.75,1481.0,7.0,Sx,S,5,Spiral,0
333,NGC3021,09 47 59,33 47.1,S S4 2.0,-13.07,0.46,1540.0,15.0,Sx,S,S4,Spiral,0
334,NGC3031,09 51 30,69 18.3,S R3 1.5,7.86,0.78,-36.0,5.0,Sx,S,R3,Spiral,0
335,NGC3032,09 49 14,29 28.3,S 52 0,12.55,0.0,1535.0,14.0,Sx,S,52,Spiral,0
336,NGC3034,09 51 41,69 54.9,I 0,9.28,,247.0,2.0,I,I,0,Irregular,2
337,NGC3038,09 49 05,-32 31.1,S S3 2.0,12.65,0.33,2698.0,80.0,Sx,S,S3,Spiral,0
338,NGC3041,09 50 23,16 54.8,S T5 2.0,12.25,0.44,1403.0,12.0,Sx,S,T5,Spiral,0
339,NGC3043,09 52 42,59 32.7,,-12.46,,2935.0,128.0,SBx,nan,irrelevant,Irregular,2
340,NGC3044,09 51 06,01 49.0,S 6 O,12.55,0.87,1384.0,29.0,Sx,S,6,Spiral,0
341,NGC3052,09 52 07,-18 24.3,S R5 2.0,-12.84,0.39,3616.0,113.0,Sx,S,R5,Spiral,0
342,NGC3054,09 52 12,-25 28.0,SB S4 1.0,-12.13,0.44,2194.0,84.0,SBx,SB,S4,Spiral,0
343,NGC3055,09 52 41,04 30.4,S S5 2.0,12.7,0.46,1913.0,139.0,Sx,S,S5,Spiral,0
344,NGC3056,09 52 18,-28 03.8,L 25,12.83,0.0,1047.0,120.0,S0,L,25,Irregular,2
345,NGC3059,09 49 41,-73 41.2,SB S5 3.0,12.03,0.31,1274.0,33.0,SBx,SB,S5,Spiral,0
346,NGC3065,09 57 35,72 24.6,L 30,12.89,0.0,2008.0,40.0,S0,L,30,Irregular,2
347,NGC3067,09 55 26,32 36.5,S S3 3.0,12.7,0.94,1456.0,25.0,Sx,S,S3,Spiral,0
348,NGC3077,09 59 22,68 58.5,I 0,10.64,,7.0,3.0,I,I,0,Irregular,2
349,NGC3078,09 56 08,-26 41.2,E 3,12.14,0.0,2492.0,29.0,E3,E,3,Elliptical,1
350,NGC3079,09 58 35,55 55.4,S 5 F,11.2,0.85,1130.0,9.0,Sx,S,5,Spiral,0
351,NGC3081,09 57 11,-22 35.1,SB S1,12.68,0.0,2413.0,33.0,SBx,SB,S1,Spiral,0
352,NGC3087,09 56 59,-33 59.0,E 2,-12.87,0.0,2662.0,65.0,E2,E,2,Elliptical,1
353,NGC3089,09 57 22,-28 05.1,S S5 2.0,-13.09,0.41,2653.0,58.0,Sx,S,S5,Spiral,0
354,NGC309,00 54 13,-10 11.3,S R5 1.0,12.4,0.33,5666.0,8.0,Sx,S,R5,Spiral,0
355,NGC3091,09 57 53,-19 23.8,E 3,12.5,0.0,3882.0,93.0,E3,E,3,Elliptical,1
356,NGC3095,09 57 53,-31 18.8,S S5 P 1.5,12.52,0.42,2849.0,22.0,Sx,S,S5,Spiral,0
357,NGC3098,09 59 27,24 57.2,L 19,12.85,0.0,1340.0,75.0,S0,L,19,Irregular,2
358,NGC3109,10 00 47,-25 54.8,S 9 4.0,-10.39,0.41,403.0,1.0,Sx,S,9,Spiral,0
359,NGC3115,10 02 44,-07 28.5,L 17,9.98,0.0,655.0,8.0,S0,L,17,Irregular,2
360,NGC3124,10 04 17,-18 58.3,SB R4 1.0,-12.35,0.34,3563.0,11.0,SBx,SB,R4,Spiral,0
361,NGC3125,10 04 18,-29 41.5,I 0,-13.12,,1110.0,50.0,I,I,0,Irregular,2
362,NGC3136,10 04 30,-67 07.8,E 4,12.09,0.0,1696.0,93.0,E4,E,4,Elliptical,1
363,NGC3145,10 07 43,-12 11.3,SB T4 1.0,-12.35,0.52,3651.0,11.0,SBx,SB,T4,Spiral,0
364,NGC3147,10 12 40,73 39.0,S S3 1.8,11.45,0.5,2721.0,80.0,Sx,S,S3,Spiral,0
365,NGC3156,10 10 06,03 22.7,E 5 :,13.05,0.0,1174.0,58.0,E5,E,5,Elliptical,1
366,NGC3158,10 10 53,39 00.7,E 3,12.9,0.0,7024.0,50.0,E3,E,3,Elliptical,1
367,NGC3162,10 10 45,22 59.2,S S4 1.8,12.15,0.33,1303.0,9.0,Sx,S,S4,Spiral,0
368,NGC3166,10 11 10,03 40.5,S S1,11.52,0.82,1339.0,22.0,Sx,S,S1,Spiral,0
369,NGC3169,10 11 38,03 43.2,S R3 T 1.5,11.28,0.67,1240.0,18.0,Sx,S,R3,Spiral,0
370,NGC3175,10 12 24,-28 37.2,S S5 P 3.0:,12.2,0.38,1125.0,75.0,Sx,S,S5,Spiral,0
371,NGC3177,10 13 49,21 22.4,S S3 2.0,13.0,0.55,1309.0,19.0,Sx,S,S3,Spiral,0
372,NGC3184,10 15 17,41 40.0,S R5 2.2,10.43,0.29,589.0,6.0,Sx,S,R5,Spiral,0
373,NGC3185,10 14 54,21 56.3,SB S1,12.95,0.32,1237.0,19.0,SBx,SB,S1,Spiral,0
374,NGC3190,10 15 21,22 05.1,S 1,11.99,0.97,1469.0,22.0,Sx,S,1,Spiral,0
375,NGC3193,10 15 40,22 08.8,E 2,11.83,0.0,1392.0,24.0,E2,E,2,Elliptical,1
376,NGC3198,10 16 53,45 48.0,S T5 1.5,10.94,0.59,662.0,4.0,Sx,S,T5,Spiral,0
377,NGC3200,10 16 12,-17 43.9,S R3 1.0,-12.29,1.01,3567.0,48.0,Sx,S,R3,Spiral,0
378,NGC3203,10 17 14,-26 26.9,L 37,12.83,0.0,2424.0,38.0,S0,L,37,Irregular,2
379,NGC3223,10 19 21,-34 01.0,S S3 1.5,11.88,0.7,2911.0,138.0,Sx,S,S3,Spiral,0
380,NGC3226,10 20 43,20 09.2,L 11,12.3,0.0,1356.0,13.0,S0,L,11,Irregular,2
381,NGC3227,10 20 47,20 07.1,S S3 3.0,11.55,0.63,1198.0,6.0,Sx,S,S3,Spiral,0
382,NGC3241,10 22 01,-32 13.7,S R3 2.0,13.6,0.59,2874.0,148.0,Sx,S,R3,Spiral,0
383,NGC3245,10 24 30,28 45.8,L 15,11.69,0.0,1261.0,30.0,S0,L,15,Irregular,2
384,NGC3250,10 24 21,-39 41.4,E 3,12.17,0.0,2871.0,123.0,E3,E,3,Elliptical,1
385,NGC3254,10 26 32,29 44.9,S S3 2.0,12.2,1.02,1265.0,51.0,Sx,S,S3,Spiral,0
386,NGC3256,10 25 42,-43 38.9,S S3 P,11.98,0.75,2821.0,100.0,Sx,S,S3,Spiral,0
387,NGC3258,10 26 38,-35 21.0,E 1,12.76,0.0,2848.0,78.0,E1,E,1,Elliptical,1
388,NGC3259,10 29 05,65 18.1,S 3 3.0,-12.91,0.74,1866.0,77.0,Sx,S,3,Spiral,0
389,NGC3261,10 26 54,-44 24.0,SB T4 1.5,-12.16,0.38,2612.0,125.0,SBx,SB,T4,Spiral,0
390,NGC3268,10 27 46,-35 04.2,E 2,12.84,0.0,2801.0,110.0,E2,E,2,Elliptical,1
391,NGC3271,10 28 12,-35 06.2,S 1,12.85,0.86,3824.0,53.0,Sx,S,1,Spiral,0
392,NGC3274,10 29 30,27 55.6,S 4.0,13.15,0.26,542.0,10.0,Sx,S,4.0,Spiral,0
393,NGC3275,10 28 39,-36 29.0,SB R2 1.0,12.4,0.54,3241.0,100.0,SBx,SB,R2,Spiral,0
394,NGC3277,10 30 08,28 46.2,S R1 1.5,12.55,0.24,1417.0,15.0,Sx,S,R1,Spiral,0
395,NGC3281,10 29 36,-34 36.0,S 1,12.62,0.4,3549.0,55.0,Sx,S,1,Spiral,0
396,NGC3285,10 31 15,-27 11.8,S S2,-12.98,0.66,,,Sx,S,S2,Spiral,0
397,NGC3287,10 32 04,21 54.5,SB S6 3.0,-12.86,0.54,1307.0,15.0,SBx,SB,S6,Spiral,0
398,NGC3294,10 33 24,37 35.1,S S5 1.3,12.2,0.51,1571.0,21.0,Sx,S,S5,Spiral,0
399,NGC3300,10 33 58,14 25.8,LB1,13.29,0.0,2992.0,78.0,S0,LB1,irrelevant,Spiral,0
400,NGC3301,10 34 13,22 08.4,S 1,12.24,0.0,1333.0,75.0,Sx,S,1,Spiral,0
401,NGC3309,10 34 15,-27 15.8,E 1,12.81,0.0,4093.0,43.0,E1,E,1,Elliptical,1
402,NGC3310,10 35 39,53 45.9,S R4 P,11.2,0.36,992.0,4.0,Sx,S,R4,Spiral,0
403,NGC3312,10 34 42,-27 18.3,S R2,-12.73,0.93,2775.0,54.0,Sx,S,R2,Spiral,0
404,NGC3318,10 35 03,-41 22.1,SB T4 2.2,12.7,0.48,2609.0,95.0,SBx,SB,T4,Spiral,0
405,NGC3319,10 36 14,41 56.8,SB S5 2.4,11.78,0.49,758.0,5.0,SBx,SB,S5,Spiral,0
406,NGC3320,10 36 37,47 39.4,S S5 2.5,-12.93,0.52,2331.0,9.0,Sx,S,S5,Spiral,0
407,NGC3329,10 40 31,77 04.3,S 2,-12.99,0.71,1910.0,57.0,Sx,S,2,Spiral,0
408,NGC3338,10 39 29,14 00.6,S S4 1.5,11.32,0.43,1299.0,7.0,Sx,S,S4,Spiral,0
409,NGC3344,10 40 47,25 11.1,SB T4 1.0,10.48,0.3,698.0,4.0,SBx,SB,T4,Spiral,0
410,NGC3346,10 40 59,15 08.1,SB T5 2.2,-12.18,0.32,1260.0,11.0,SBx,SB,T5,Spiral,0
411,NGC3347,10 40 30,-36 05.3,SB R3 1.0,12.27,0.72,2923.0,63.0,SBx,SB,R3,Spiral,0
412,NGC3348,10 43 28,73 06.2,E 0,12.15,0.0,2855.0,75.0,E0,E,0,Elliptical,1
413,NGC3351,10 41 19,11 58.1,SB R3 2.0,10.52,0.64,779.0,4.0,SBx,SB,R3,Spiral,0
414,NGC3353,10 42 17,56 13.6,,13.2,,995.0,21.0,S0,nan,irrelevant,Irregular,2
415,NGC3358,10 41 16,-36 08.8,S R1 1.0,12.52,0.36,2910.0,212.0,Sx,S,R1,Spiral,0
416,NGC3359,10 43 21,63 29.2,SB S5 P 1.8,10.99,0.46,1008.0,4.0,SBx,SB,S5,Spiral,0
417,NGC3367,10 43 56,14 00.8,SB S5 2.0,12.05,0.31,3034.0,20.0,SBx,SB,S5,Spiral,0
418,NGC3368,10 44 08,12 05.1,S S2 2.0,10.11,0.62,895.0,8.0,Sx,S,S2,Spiral,0
419,NGC337,00 57 19,-07 50.7,S S5 P 2.2,12.08,0.4,1647.0,10.0,Sx,S,S5,Spiral,0
420,NGC3370,10 44 23,17 32.3,S S5 1.5,-12.28,0.47,1400.0,78.0,Sx,S,S5,Spiral,0
421,NGC3377,10 45 03,14 15.0,E 6,11.1,0.0,718.0,40.0,Sx,E,6,Elliptical,1
422,NGC3379,10 45 11,12 50.8,E 0,10.33,0.0,893.0,19.0,E7,E,0,Elliptical,1
423,NGC3384,10 45 38,12 53.7,LB15,10.7,0.0,771.0,28.0,S0,LB15,irrelevant,Spiral,0
424,NGC3389,10 45 50,12 47.9,S S5 2.2,12.35,0.5,1261.0,12.0,Sx,S,S5,Spiral,0
425,NGC3390,10 45 44,-31 16.2,L 58 R S 3 U,13.09,0.0,2850.0,100.0,S0,L,58,Irregular,2
426,NGC3395,10 47 02,33 14.7,S S5 2.5,12.4,0.46,1628.0,6.0,Sx,S,S5,Spiral,0
427,NGC3396,10 47 08,33 15.3,S 5,12.6,0.61,1648.0,15.0,Sx,S,5,Spiral,0
428,NGC3403,10 50 14,73 57.4,S 4 3.0:,-12.74,0.6,1244.0,55.0,Sx,S,4,Spiral,0
429,NGC3412,10 48 15,13 40.5,LB25,11.47,0.0,861.0,75.0,S0,LB25,irrelevant,Spiral,0
430,NGC3414,10 48 32,28 14.5,L 1,11.74,0.0,1419.0,20.0,S0,L,1,Irregular,2
431,NGC3415,10 48 52,43 59.0,E 5,12.84,0.0,3301.0,15.0,E5,E,5,Elliptical,1
432,NGC3423,10 48 38,06 06.3,S S5 2.5,11.62,0.32,1010.0,8.0,Sx,S,S5,Spiral,0
433,NGC3430,10 49 25,33 12.9,S R4 1.5,12.15,0.47,1584.0,7.0,Sx,S,R4,Spiral,0
434,NGC3432,10 49 43,36 53.1,S 5 2.5W,11.73,0.81,616.0,7.0,Sx,S,5,Spiral,0
435,NGC3433,10 49 27,10 24.7,S R5 1.3,-12.28,0.31,2711.0,7.0,Sx,S,R5,Spiral,0
436,NGC3437,10 49 54,23 12.0,S S5 3.0U,-12.83,0.67,1283.0,15.0,Sx,S,S5,Spiral,0
437,NGC3445,10 51 34,57 15.3,S S5 3.0,12.8,0.31,1984.0,128.0,Sx,S,S5,Spiral,0
438,NGC3448,10 51 40,54 34.5,I 0 ?,12.15,,1357.0,9.0,I,I,0,Irregular,2
439,NGC3449,10 50 34,-32 39.7,S 1,12.95,0.43,3267.0,120.0,Sx,S,1,Spiral,0
440,NGC3455,10 51 52,17 33.1,S S5 2.0:,-12.81,0.44,1102.0,10.0,Sx,S,S5,Spiral,0
441,NGC3458,10 52 58,57 23.0,LB1,-13.15,0.0,1800.0,80.0,S0,LB1,irrelevant,Spiral,0
442,NGC3464,10 52 15,-20 48.1,S T5 1.0,-12.82,0.41,3836.0,165.0,Sx,S,T5,Spiral,0
443,NGC3478,10 56 35,46 23.4,S S5 ?,-12.95,0.57,6688.0,105.0,Sx,S,S5,Spiral,0
444,NGC3485,10 57 24,15 06.6,SB S4 2.0,-12.57,0.32,1518.0,93.0,SBx,SB,S4,Spiral,0
445,NGC3486,10 57 42,29 14.6,S R5 1.5,10.85,0.38,686.0,9.0,Sx,S,R5,Spiral,0
446,NGC3489,10 57 41,14 10.2,S 5 0,11.13,0.0,659.0,31.0,Sx,S,5,Spiral,0
447,NGC3495,10 58 41,03 53.8,S S5 3.0,-12.42,0.76,1145.0,10.0,Sx,S,S5,Spiral,0
448,NGC3504,11 00 29,28 14.5,SX S3 1.5,11.8,0.55,1535.0,19.0,Sx,SX,S3,Spiral,0
449,NGC3506,11 00 35,11 20.3,S S3 1.5,-13.44,0.47,6489.0,53.0,Sx,S,S3,Spiral,0
450,NGC3510,11 01 01,29 09.3,SB S5,13.3,0.82,710.0,19.0,SBx,SB,S5,Spiral,0
451,NGC3511,11 00 57,-22 49.0,S S5 2.8,11.56,0.61,1221.0,62.0,Sx,S,S5,Spiral,0
452,NGC3512,11 01 20,28 18.3,S T5 1.5,13.0,0.31,1395.0,19.0,Sx,S,T5,Spiral,0
453,NGC3513,11 01 20,-22 58.6,SB S5 2.2,-11.99,0.35,1116.0,14.0,SBx,SB,S5,Spiral,0
454,NGC3516,11 03 23,72 50.4,LB3,12.4,0.0,2664.0,22.0,S0,LB3,irrelevant,Spiral,0
455,NGC3521,11 03 15,00 14.2,S S3 2.5,9.64,0.8,818.0,11.0,Sx,S,S3,Spiral,0
456,NGC3547,11 07 19,10 59.5,S 5 3.0,13.2,0.53,1543.0,70.0,Sx,S,5,Spiral,0
457,NGC3549,11 08 03,53 39.6,S S4 2.0,-12.67,0.63,2840.0,15.0,Sx,S,S4,Spiral,0
458,NGC3556,11 08 37,55 56.7,S S5 3.0,10.71,0.74,698.0,3.0,Sx,S,S5,Spiral,0
459,NGC3557,11 07 36,-37 16.0,E 3,11.46,0.0,3151.0,80.0,E3,E,3,Elliptical,1
460,NGC357,01 00 50,-06 36.3,SB 1,12.9,0.31,2541.0,50.0,SBx,SB,1,Spiral,0
461,NGC3571,11 09 02,-18 01.0,S 1,-12.81,0.95,3777.0,60.0,Sx,S,1,Spiral,0
462,NGC3583,11 11 24,48 35.4,S S3 2.0,-12.18,0.63,2130.0,8.0,Sx,S,S3,Spiral,0
463,NGC3585,11 10 50,-26 28.8,F 17 7,10.93,0.0,1491.0,75.0,E,F,17,Irregular,2
464,NGC3593,11 12 00,13 05.4,S 1 P,11.7,0.92,625.0,4.0,Sx,S,1,Spiral,0
465,NGC3596,11 12 29,15 03.5,S R5 2.2,-11.64,0.29,1194.0,9.0,Sx,S,R5,Spiral,0
466,NGC3605,11 14 08,18 17.6,E 5,-13.06,0.0,693.0,65.0,E5,E,5,Elliptical,1
467,NGC3607,11 14 17,18 19.7,L 53,11.08,0.0,934.0,36.0,S0,L,53,Irregular,2
468,NGC3608,11 14 21,18 25.6,E 1,11.88,0.0,1210.0,50.0,E1,E,1,Elliptical,1
469,NGC3610,11 15 31,59 03.6,E 5,11.54,0.0,1765.0,50.0,E5,E,5,Elliptical,1
470,NGC3611,11 14 55,04 49.7,S 1,12.8,0.52,1620.0,15.0,Sx,S,1,Spiral,0
471,NGC3613,11 15 42,58 16.3,E 6,11.65,0.0,2054.0,75.0,E7,E,6,Elliptical,1
472,NGC3614,11 15 34,46 01.2,S R5 1.0,-12.21,0.46,2321.0,15.0,Sx,S,R5,Spiral,0
473,NGC3619,11 16 28,58 02.0,S 1,12.55,0.53,1559.0,15.0,Sx,S,1,Spiral,0
474,NGC3621,11 15 50,-32 32.4,S S5 2.8,-10.03,0.45,726.0,7.0,Sx,S,S5,Spiral,0
475,NGC3623,11 16 19,13 21.9,S S1 2.0,10.24,1.07,805.0,5.0,Sx,S,S1,Spiral,0
476,NGC3626,11 17 26,18 37.8,S 1,11.74,0.31,1507.0,6.0,Sx,S,1,Spiral,0
477,NGC3627,11 17 38,13 15.8,S S3 2.2,9.74,0.83,723.0,8.0,Sx,S,S3,Spiral,0
478,NGC3628,11 17 40,13 52.1,S 4,10.31,0.82,847.0,9.0,Sx,S,4,Spiral,0
479,NGC3629,11 17 52,27 14.4,S S5 2.5,-12.8,0.38,1510.0,8.0,Sx,S,S5,Spiral,0
480,NGC3630,11 17 42,03 14.3,L 19,12.65,0.0,1517.0,52.0,S0,L,19,Irregular,2
481,NGC3631,11 18 13,53 26.7,S S5 1.5,11.03,0.32,1158.0,17.0,Sx,S,S5,Spiral,0
482,NGC3637,11 18 08,-09 59.0,SB4 0,-12.85,0.0,1855.0,90.0,SBx,SB4,0,Spiral,0
483,NGC3640,11 18 33,03 30.6,E 2,11.26,0.0,1354.0,40.0,E2,E,2,Elliptical,1
484,NGC3642,11 19 25,59 21.0,S R3 1.0,11.53,0.52,1623.0,50.0,Sx,S,R3,Spiral,0
485,NGC3646,11 19 05,20 26.7,S R4 2.0,11.88,0.44,4195.0,24.0,Sx,S,R4,Spiral,0
486,NGC3655,11 20 17,16 51.7,S S5 P 3.0,12.3,0.43,1490.0,15.0,Sx,S,S5,Spiral,0
487,NGC3659,11 21 08,18 05.4,S S5 3.0,-12.81,0.5,1215.0,75.0,Sx,S,S5,Spiral,0
488,NGC3664,11 21 51,03 36.3,SB 9 3.5,-12.72,0.15,1406.0,56.0,SBx,SB,9,Spiral,0
489,NGC3665,11 22 01,39 02.2,L 53,11.75,0.0,2002.0,50.0,S0,L,53,Irregular,2
490,NGC3666,11 21 50,11 37.1,S 5 2.5,-12.36,0.7,1064.0,15.0,Sx,S,5,Spiral,0
491,NGC3672,11 22 31,-09 31.2,S S5 1.5,-11.66,0.53,1861.0,8.0,Sx,S,S5,Spiral,0
492,NGC3673,11 22 44,-26 27.8,SB 3 2.0,-12.41,0.64,1940.0,15.0,SBx,SB,3,Spiral,0
493,NGC3675,11 23 25,43 51.7,S R3 2.0,10.9,0.78,762.0,9.0,Sx,S,R3,Spiral,0
494,NGC3681,11 23 54,17 08.3,SB R3 1.5,12.4,0.46,1246.0,10.0,SBx,SB,R3,Spiral,0
495,NGC3683,11 24 52,57 09.2,S 5 3.0U,-13.4,0.61,1686.0,45.0,Sx,S,5,Spiral,0
496,NGC3684,11 24 35,17 18.3,S S5 2.0,12.3,0.4,1175.0,9.0,Sx,S,S5,Spiral,0
497,NGC3686,11 25 07,17 30.0,SB S4 1.5,12.0,0.37,1143.0,16.0,SBx,SB,S4,Spiral,0
498,NGC3687,11 25 23,29 47.0,SB R4 1.2,-12.85,0.28,2501.0,10.0,SBx,SB,R4,Spiral,0
499,NGC3689,11 25 35,25 56.2,S R5 2.0,13.0,0.4,2706.0,27.0,Sx,S,R5,Spiral,0
500,NGC3690,11 25 42,58 50.0,S P,-12.02,0.36,2988.0,20.0,Sx,S,P,Spiral,0
501,NGC3691,11 25 35,17 11.8,S,-13.53,0.37,1057.0,20.0,Sx,S,irrelevant,Spiral,0
502,NGC3705,11 27 33,09 33.2,S R2 1.5,-11.77,0.89,1017.0,15.0,Sx,S,R2,Spiral,0
503,NGC3706,11 27 17,-36 06.7,E 4,12.13,0.0,3045.0,108.0,E4,E,4,Elliptical,1
504,NGC3717,11 29 04,-30 01.9,S S3,-12.12,1.25,1728.0,8.0,Sx,S,S3,Spiral,0
505,NGC3718,11 29 50,53 20.7,S 1 G,11.26,0.82,1002.0,5.0,Sx,S,1,Spiral,0
506,NGC3720,11 29 48,01 04.8,S S4 1.0,13.7,0.31,6016.0,70.0,Sx,S,S4,Spiral,0
507,NGC3726,11 30 38,47 18.4,S R5 1.5,10.95,0.39,860.0,9.0,SBx,S,R5,Spiral,0
508,NGC3729,11 31 04,53 24.0,SB P R,12.0,0.42,1035.0,28.0,SBx,SB,P,Spiral,0
509,NGC3732,11 31 41,-09 34.2,S R5 P,12.69,0.3,1719.0,5.0,Sx,S,R5,Spiral,0
510,NGC3735,11 33 06,70 48.6,S 5 2.5U,-12.5,0.83,2673.0,15.0,Sx,S,5,Spiral,0
511,NGC3738,11 33 04,54 47.9,S 7 3.0,12.14,0.37,224.0,10.0,Sx,S,7,Spiral,0
512,NGC3756,11 34 05,54 34.3,S S5 1.5,12.15,0.51,1285.0,15.0,Sx,S,S5,Spiral,0
513,NGC3769,11 35 02,48 10.3,SB S5 2.0,12.52,0.67,737.0,69.0,SBx,SB,S5,Spiral,0
514,NGC3773,11 35 38,12 23.4,J,-13.08,,983.0,19.0,S0,J,irrelevant,Irregular,2
515,NGC3780,11 36 38,56 33.0,S R5 2.3,-12.27,0.35,2384.0,11.0,Sx,S,R5,Spiral,0
516,NGC3782,11 36 41,46 47.4,SB 9 4.0,-13.08,0.21,738.0,15.0,SBx,SB,9,Spiral,0
517,NGC3783,11 36 33,-37 27.7,SB R1 1.0,-12.89,0.0,2790.0,100.0,SBx,SB,R1,Spiral,0
518,NGC3810,11 38 24,11 44.9,S S5 2.0,11.36,0.4,995.0,10.0,Sx,S,S5,Spiral,0
519,NGC3813,11 38 40,36 49.4,S S5 2.8,12.3,0.52,1465.0,7.0,Sx,S,S5,Spiral,0
520,NGC3818,11 39 24,-05 52.7,E 5,12.79,0.0,1498.0,65.0,E5,E,5,Elliptical,1
521,NGC3865,11 42 19,-08 57.5,S T2,-12.86,0.6,5714.0,175.0,Sx,S,T2,Spiral,0
522,NGC3872,11 43 14,14 02.7,E 4,12.8,0.0,3109.0,75.0,E4,E,4,Elliptical,1
523,NGC3877,11 43 29,47 46.2,S 5 2.2,-11.78,0.76,886.0,13.0,Sx,S,5,Spiral,0
524,NGC3885,11 44 15,-27 38.7,S 1,-13.27,0.83,1807.0,15.0,Sx,S,1,Spiral,0
525,NGC3887,11 44 33,-16 34.6,S R3 1.5,11.6,0.55,1163.0,42.0,Sx,S,R3,Spiral,0
526,NGC3888,11 44 55,56 14.9,S S5 1.5,-13.09,0.37,2358.0,15.0,Sx,S,S5,Spiral,0
527,NGC3892,11 45 28,-10 41.0,LB5,-12.5,0.0,1727.0,80.0,S0,LB5,irrelevant,Spiral,0
528,NGC3893,11 46 01,48 59.4,S S5 1.2,11.1,0.45,967.0,7.0,Sx,S,S5,Spiral,0
529,NGC3898,11 46 36,56 21.8,S 1 1.0,11.7,0.74,1161.0,12.0,Sx,S,1,Spiral,0
530,NGC3900,11 46 34,27 18.1,S R1,12.2,0.76,1799.0,10.0,Sx,S,R1,Spiral,0
531,NGC3904,11 46 42,-28 59.9,E 2,11.95,0.0,1613.0,75.0,E2,E,2,Elliptical,1
532,NGC3912,11 47 30,26 45.3,SB P L,-13.27,0.72,1791.0,19.0,Sx,SB,P,Spiral,0
533,NGC3917,11 48 08,52 06.2,S S5 3.0,-12.4,0.75,965.0,8.0,Sx,S,S5,Spiral,0
534,NGC3923,11 48 30,-28 31.7,F 14 4,10.91,0.0,1788.0,65.0,E,F,14,Irregular,2
535,NGC3936,11 49 48,-26 37.6,S S5 1.5,-12.83,0.87,2012.0,15.0,Sx,S,S5,Spiral,0
536,NGC3938,11 50 13,44 24.0,S S5 1.0,10.91,0.31,808.0,7.0,Sx,S,S5,Spiral,0
537,NGC3941,11 50 20,37 15.9,SB2 0,11.28,0.0,944.0,18.0,SBx,SB2,0,Spiral,0
538,NGC3945,11 50 36,60 57.3,LB3,11.49,0.0,1220.0,75.0,S0,LB3,irrelevant,Spiral,0
539,NGC3949,11 51 05,48 08.3,S S5 3.0,11.4,0.46,801.0,15.0,Sx,S,S5,Spiral,0
540,NGC3952,11 51 07,-03 43.1,S R S 9,-13.46,0.49,1625.0,68.0,Sx,S,R,Spiral,0
541,NGC3953,11 51 13,52 36.5,SB R4 1.5,10.79,0.51,957.0,43.0,SBx,SB,R4,Spiral,0
542,NGC3955,11 51 25,-22 53.2,S P,12.55,0.79,1325.0,45.0,Sx,S,P,Spiral,0
543,NGC3956,11 51 28,-20 17.3,S S5 2.0,-12.54,0.68,1651.0,15.0,Sx,S,S5,Spiral,0
544,NGC3957,11 51 33,-19 17.3,L 59,12.98,0.0,1838.0,98.0,S0,L,59,Irregular,2
545,NGC3962,11 52 07,-13 41.8,E 1,11.66,0.0,1821.0,31.0,E1,E,1,Elliptical,1
546,NGC3963,11 52 22,58 46.3,SB T5 1.5,-12.38,0.31,3185.0,15.0,SBx,SB,T5,Spiral,0
547,NGC3976,11 53 23,07 01.7,S S5 1.5,-12.24,0.67,2487.0,14.0,Sx,S,S5,Spiral,0
548,NGC3981,11 53 35,-19 36.9,S 3?: 1.0U,-12.44,0.98,1809.0,227.0,Sx,S,3?:,Spiral,0
549,NGC3982,11 53 53,55 24.0,S R4 2.5,-11.91,0.32,1102.0,15.0,Sx,S,R4,Spiral,0
550,NGC3985,11 54 06,48 36.9,S,-13.02,0.55,946.0,38.0,Sx,S,irrelevant,Spiral,0
551,NGC3992,11 55 01,53 39.3,SB T3 1.0,10.64,0.69,1049.0,6.0,SBx,SB,T3,Spiral,0
552,NGC3995,11 55 10,32 34.3,S 5 3.0,12.8,0.61,3353.0,32.0,Sx,S,5,Spiral,0
553,NGC3998,11 55 20,55 44.1,L 13,11.5,0.0,1119.0,21.0,S0,L,13,Irregular,2
554,NGC4008,11 55 43,28 28.2,L 13,12.9,0.0,3571.0,95.0,S0,L,13,Irregular,2
555,NGC4013,11 55 58,44 13.4,S 4 :,-12.0,0.83,830.0,15.0,Sx,S,4,Spiral,0
556,NGC4024,11 55 59,-18 04.2,E 4,12.67,0.0,1694.0,140.0,E4,E,4,Elliptical,1
557,NGC4026,11 56 50,51 14.4,L 29,11.47,0.0,878.0,75.0,S0,L,29,Irregular,2
558,NGC4027,11 56 56,-18 59.4,S S5 3.0,11.65,0.37,1672.0,10.0,Sx,S,S5,Spiral,0
559,NGC4030,11 57 50,-00 49.4,S R4 1.0,-11.07,0.38,1509.0,47.0,Sx,S,R4,Spiral,0
560,NGC4032,11 58 00,20 21.1,S 3U:,-12.76,0.44,1267.0,20.0,Sx,S,3U:,Spiral,0
561,NGC4033,11 58 01,-17 34.0,F 16 6,12.47,0.0,1521.0,75.0,E,F,16,Irregular,2
562,NGC4036,11 58 54,62 10.5,S 58 0,11.56,0.0,1382.0,50.0,Sx,S,58,Spiral,0
563,NGC4037,11 58 50,13 40.7,SB S5 2.3:,-12.52,0.33,933.0,15.0,SBx,SB,S5,Spiral,0
564,NGC4038,11 59 19,-18 35.1,S 5 P,11.3,0.42,1642.0,12.0,Sx,S,5,Spiral,0
565,NGC404,01 06 39,35 27.1,L 50,11.12,0.0,-39.0,24.0,S0,L,50,Irregular,2
566,NGC4041,11 59 39,62 25.0,S S5 2.5,11.64,0.3,1233.0,10.0,Sx,S,S5,Spiral,0
567,NGC4045,12 00 09,02 15.5,S S4 1.5,12.65,0.39,1939.0,80.0,Sx,S,S4,Spiral,0
568,NGC4047,12 00 18,48 55.2,S S5 1.5,13.1,0.33,3355.0,43.0,Sx,S,S5,Spiral,0
569,NGC4050,12 00 20,-16 05.4,SB T3 1.5,12.25,0.62,1904.0,110.0,SBx,SB,T3,Spiral,0
570,NGC4051,12 00 37,44 48.7,S S4 2.0,10.93,0.37,706.0,5.0,Sx,S,S4,Spiral,0
571,NGC406,01 05 48,-70 09.0,S S5 2.0,12.51,0.63,1498.0,54.0,Sx,S,S5,Spiral,0
572,NGC4062,12 01 31,32 10.4,S S5 2.5,12.0,0.57,772.0,7.0,Sx,S,S5,Spiral,0
573,NGC4064,12 01 38,18 43.3,SB S5 :,12.3,0.6,1033.0,47.0,SBx,SB,S5,Spiral,0
574,NGC4073,12 01 54,02 10.6,E 5,-12.74,0.0,5844.0,97.0,E5,E,5,Elliptical,1
575,NGC4085,12 02 51,50 38.0,S 5 3.0:,12.91,0.7,753.0,14.0,Sx,S,5,Spiral,0
576,NGC4088,12 03 02,50 49.1,SX S5 2.5,11.14,0.6,750.0,12.0,Sx,SX,S5,Spiral,0
577,NGC4094,12 03 18,-14 15.1,S S4 2.0,-12.54,0.61,1420.0,15.0,Sx,S,S4,Spiral,0
578,NGC4096,12 03 29,47 45.7,S S5 2.5,11.02,0.72,560.0,11.0,Sx,S,S5,Spiral,0
579,NGC4100,12 03 37,49 51.4,S S5 1.5,-11.62,0.66,1069.0,15.0,Sx,S,S5,Spiral,0
580,NGC4102,12 03 52,52 59.3,S R3 2.0,12.3,0.71,865.0,14.0,Sx,S,R3,Spiral,0
581,NGC4105,12 04 06,-29 28.9,L 23,11.88,0.0,1900.0,33.0,S0,L,23,Irregular,2
582,NGC4106,12 04 11,-29 29.4,SB 0 T,12.36,0.0,2182.0,45.0,SBx,SB,0,Spiral,0
583,NGC4111,12 04 32,43 20.7,L 19,11.75,0.0,791.0,14.0,S0,L,19,Irregular,2
584,NGC4116,12 05 04,02 58.2,SB R5 3.0,12.37,0.46,1309.0,10.0,SBx,SB,R5,Spiral,0
585,NGC4123,12 05 38,03 09.3,SB T4,11.84,0.37,1325.0,10.0,SBx,SB,T4,Spiral,0
586,NGC4124,12 05 36,10 39.5,L 56,12.35,0.0,1635.0,64.0,S0,L,56,Irregular,2
587,NGC4125,12 05 35,65 27.3,E 6,10.76,0.0,1375.0,29.0,E7,E,6,Elliptical,1
588,NGC4128,12 06 04,69 02.8,L 16,12.78,0.0,2395.0,62.0,S0,L,16,Irregular,2
589,NGC4129,12 06 19,-08 45.7,S 5 3.0:,13.2,0.74,1210.0,172.0,Sx,S,5,Spiral,0
590,NGC4136,12 06 46,30 12.3,S R5 1.5,-11.58,0.3,445.0,50.0,Sx,S,R5,Spiral,0
591,NGC4138,12 06 59,43 57.8,S R2,12.13,0.68,1039.0,100.0,Sx,S,R2,Spiral,0
592,NGC4143,12 07 05,42 48.8,S 15 0,12.07,0.0,784.0,100.0,Sx,S,15,Spiral,0
593,NGC4144,12 07 28,46 44.1,S 6 3.0,-12.01,0.79,265.0,11.0,Sx,S,6,Spiral,0
594,NGC4145,12 07 30,40 09.7,SB R5 2.0,11.5,0.38,1013.0,7.0,SBx,SB,R5,Spiral,0
595,NGC4150,12 08 01,30 40.9,S 54 0,12.4,0.0,244.0,50.0,Sx,S,54,Spiral,0
596,NGC4151,12 08 00,39 40.9,S 2,11.13,0.6,964.0,2.0,Sx,S,2,Spiral,0
597,NGC4152,12 08 05,16 18.7,S R5 1.4,12.5,0.36,2161.0,10.0,Sx,S,R5,Spiral,0
598,NGC4157,12 08 35,50 45.8,S 4,-11.56,0.83,780.0,8.0,Sx,S,4,Spiral,0
599,NGC4158,12 08 37,20 27.2,S 1 :,-12.84,0.49,2463.0,21.0,Sx,S,1,Spiral,0
600,NGC4162,12 09 20,24 24.0,S S5 1.5,12.25,0.46,2546.0,135.0,Sx,S,S5,Spiral,0
601,NGC4168,12 09 44,13 29.0,E 2,12.21,0.0,2389.0,60.0,E2,E,2,Elliptical,1
602,NGC4178,12 10 14,11 08.8,SB S5 2.0,11.89,0.63,355.0,12.0,SBx,SB,S5,Spiral,0
603,NGC4179,12 10 19,01 34.7,L 19,11.84,0.0,1279.0,50.0,S0,L,19,Irregular,2
604,NGC4183,12 10 47,43 58.6,S 6 O,-12.4,0.87,931.0,9.0,Sx,S,6,Spiral,0
605,NGC4189,12 11 14,13 42.2,SB Q5 2.2,12.53,0.33,2098.0,9.0,SBx,SB,Q5,Spiral,0
606,NGC4190,12 11 13,36 54.6,S 9 4.0,-13.0,0.16,231.0,15.0,Sx,S,9,Spiral,0
607,NGC4192,12 11 15,15 10.8,S 3 2.0:,10.92,1.07,-140.0,14.0,Sx,S,3,Spiral,0
608,NGC4203,12 12 34,33 28.7,L 31,11.62,0.0,1089.0,14.0,S0,L,31,Irregular,2
609,NGC4212,12 13 07,14 10.8,S S5 2.5,11.86,0.42,-50.0,100.0,Sx,S,S5,Spiral,0
610,NGC4214,12 13 08,36 36.5,SB 9 3.0,10.22,0.19,291.0,3.0,SBx,SB,9,Spiral,0
611,NGC4215,12 13 22,06 41.0,L 19,13.04,0.0,2093.0,43.0,S0,L,19,Irregular,2
612,NGC4216,12 13 21,13 25.4,S S3,10.97,1.21,111.0,13.0,Sx,S,S3,Spiral,0
613,NGC4217,12 13 21,47 22.3,S 3 :,-11.3,1.08,1029.0,8.0,Sx,S,3,Spiral,0
614,NGC4219,12 13 50,-43 02.8,S S4 2.5U,12.3,0.65,1980.0,19.0,Sx,S,S4,Spiral,0
615,NGC4220,12 13 43,48 09.5,S R1,12.23,1.0,979.0,50.0,Sx,S,R1,Spiral,0
616,NGC4224,12 14 01,07 44.4,S 1,12.95,0.91,2588.0,74.0,Sx,S,1,Spiral,0
617,NGC4233,12 14 35,07 54.1,LB16,12.97,0.0,2224.0,188.0,S0,LB16,irrelevant,Spiral,0
618,NGC4234,12 14 36,03 57.7,SB 5 3.4,13.43,0.3,2143.0,90.0,SBx,SB,5,Spiral,0
619,NGC4235,12 14 37,07 28.1,S 1,12.62,0.62,2527.0,41.0,Sx,S,1,Spiral,0
620,NGC4236,12 14 22,69 45.0,SB 7 4.0,10.06,0.66,-7.0,4.0,SBx,SB,7,Spiral,0
621,NGC4237,12 14 39,15 36.1,S R5 2.8,12.53,0.42,922.0,40.0,Sx,S,R5,Spiral,0
622,NGC4242,12 15 01,45 53.8,SB 7 3.0,11.54,0.37,516.0,15.0,SBx,SB,7,Spiral,0
623,NGC4244,12 15 00,38 05.2,S 6,10.6,0.87,242.0,2.0,Sx,S,6,Spiral,0
624,NGC4245,12 15 05,29 52.9,SB S1,12.25,0.0,890.0,65.0,SBx,SB,S1,Spiral,0
625,NGC4251,12 15 36,28 27.1,L 18,11.62,0.0,1014.0,75.0,S0,L,18,Irregular,2
626,NGC4254,12 16 17,14 41.7,S S5 1.3,10.43,0.32,2413.0,10.0,Sx,S,S5,Spiral,0
627,NGC4256,12 16 21,66 10.6,S S3,-12.67,1.33,2577.0,51.0,Sx,S,S3,Spiral,0
628,NGC4258,12 16 29,47 35.0,S S3 2.0,8.95,0.91,463.0,5.0,Sx,S,S3,Spiral,0
629,NGC4260,12 16 49,06 22.6,SB S1,12.7,0.4,1957.0,19.0,SBx,SB,S1,Spiral,0
630,NGC4261,12 16 50,06 06.1,E 3,11.38,0.0,2227.0,34.0,E3,E,3,Elliptical,1
631,NGC4262,12 16 59,15 09.3,LB4,12.38,0.0,1364.0,8.0,S0,LB4,irrelevant,Spiral,0
632,NGC4267,12 17 13,13 04.6,LB1,11.78,0.0,1260.0,75.0,S0,LB1,irrelevant,Spiral,0
633,NGC4270,12 17 17,05 44.5,L 16,13.17,0.0,2347.0,50.0,S0,L,16,Irregular,2
634,NGC4273,12 17 23,05 37.3,SB S5 2.0,12.37,0.43,2386.0,9.0,SBx,SB,S5,Spiral,0
635,NGC4274,12 17 20,29 53.3,S S1,11.3,0.95,913.0,4.0,Sx,S,S1,Spiral,0
636,NGC4278,12 17 36,29 33.6,E 1,11.13,0.0,630.0,14.0,E1,E,1,Elliptical,1
637,NGC428,01 10 23,00 42.9,S S5 3.0,11.85,0.37,1150.0,9.0,Sx,S,S5,Spiral,0
638,NGC4281,12 17 49,05 39.9,L 56,12.26,0.0,2602.0,50.0,S0,L,56,Irregular,2
639,NGC4283,12 17 50,29 35.2,E 0,13.12,0.0,1089.0,58.0,E0,E,0,Elliptical,1
640,NGC4290,12 18 23,58 22.3,SB 3,-12.59,0.6,2766.0,102.0,SBx,SB,3,Spiral,0
641,NGC4291,12 18 07,75 38.8,E 3,12.33,0.0,1827.0,40.0,E3,E,3,Elliptical,1
642,NGC4293,12 18 42,18 39.7,S 1 P,11.2,0.84,933.0,38.0,Sx,S,1,Spiral,0
643,NGC4294,12 18 45,11 47.4,SB S5 2.5,12.62,0.6,352.0,15.0,SBx,SB,S5,Spiral,0
644,NGC4298,12 19 00,14 53.1,S S5 3.0,12.08,0.47,1114.0,24.0,Sx,S,S5,Spiral,0
645,NGC4299,12 19 08,11 46.8,S S7 3.0,12.86,0.3,232.0,11.0,Sx,S,S7,Spiral,0
646,NGC4302,12 19 10,14 52.5,S 5 O,12.55,0.86,1114.0,15.0,Sx,S,5,Spiral,0
647,NGC4303,12 19 22,04 45.1,S S5 1.2,10.17,0.31,1561.0,3.0,Sx,S,S5,Spiral,0
648,NGC4304,12 19 35,-33 12.4,SB S4 2.0,12.79,0.28,2608.0,15.0,SBx,SB,S4,Spiral,0
649,NGC4307,12 19 33,09 19.1,S 3 ?,-12.82,0.62,1305.0,202.0,Sx,S,3,Spiral,0
650,NGC4314,12 20 03,30 10.1,SB T1 P,11.35,0.0,883.0,85.0,SBx,SB,T1,Spiral,0
651,NGC4321,12 20 23,16 06.0,S S5 1.0,10.11,0.32,1568.0,4.0,Sx,S,S5,Spiral,0
652,NGC4324,12 20 34,05 31.7,S R1 R,12.34,0.43,1662.0,9.0,Sx,S,R1,Spiral,0
653,NGC4339,12 21 02,06 21.6,L 20,12.32,0.0,1278.0,100.0,S0,L,20,Irregular,2
654,NGC434,01 10 13,-58 30.7,S S2,12.96,0.73,4906.0,70.0,Sx,S,S2,Spiral,0
655,NGC4340,12 21 04,17 00.0,LB3 R,11.93,0.0,874.0,53.0,S0,LB3,R,Spiral,0
656,NGC4342,12 21 07,07 20.0,E 7,13.54,0.0,714.0,50.0,E7,E,7,Elliptical,1
657,NGC4346,12 21 01,47 16.2,LB19,12.19,0.0,849.0,95.0,S0,LB19,irrelevant,Spiral,0
658,NGC4348,12 21 20,-03 10.0,S O,-12.89,0.93,2154.0,57.0,Sx,S,O,Spiral,0
659,NGC4350,12 21 26,16 58.3,L 18,11.88,0.0,1184.0,60.0,S0,L,18,Irregular,2
660,NGC4365,12 21 56,07 35.7,E 3,10.6,0.0,1230.0,10.0,E3,E,3,Elliptical,1
661,NGC4369,12 22 09,39 39.7,S S5 3.5,-12.28,0.29,1052.0,8.0,Sx,S,S5,Spiral,0
662,NGC4371,12 22 23,11 58.8,LB43R,11.74,0.0,977.0,76.0,S0,LB43R,irrelevant,Spiral,0
663,NGC4373,12 22 40,-39 28.7,E,12.07,0.0,3444.0,47.0,S0,E,irrelevant,Elliptical,1
664,NGC4374,12 22 31,13 09.8,E 1,10.23,0.0,952.0,13.0,E1,E,1,Elliptical,1
665,NGC4377,12 22 40,15 02.4,L 13,12.67,0.0,1335.0,43.0,S0,L,13,Irregular,2
666,NGC4378,12 22 45,05 12.1,S S1,-12.28,0.0,2545.0,8.0,Sx,S,S1,Spiral,0
667,NGC4379,12 22 43,15 53.0,L 12,12.3,0.0,1030.0,49.0,S0,L,12,Irregular,2
668,NGC4380,12 22 50,10 17.6,S S2,-12.38,0.72,963.0,7.0,Sx,S,S2,Spiral,0
669,NGC4382,12 22 53,18 28.0,L 13 P,10.1,0.0,739.0,20.0,S0,L,13,Irregular,2
670,NGC4383,12 22 54,16 44.8,L :,12.98,0.0,1609.0,90.0,S0,L,:,Irregular,2
671,NGC4385,12 23 12,00 50.9,SB S4 2.0,13.05,0.45,2142.0,7.0,SBx,SB,S4,Spiral,0
672,NGC4386,12 22 22,75 48.3,L 15,12.6,0.0,1811.0,61.0,S0,L,15,Irregular,2
673,NGC4388,12 23 14,12 56.3,S 2,11.83,1.18,2487.0,36.0,Sx,S,2,Spiral,0
674,NGC4389,12 23 10,45 57.7,SB P,-12.69,0.0,717.0,11.0,SBx,SB,P,Spiral,0
675,NGC439,01 11 25,-32 00.9,E 5,-13.0,0.0,5644.0,155.0,E5,E,5,Elliptical,1
676,NGC4394,12 23 25,18 29.4,SB Q3 1.5,11.76,0.48,944.0,10.0,SBx,SB,Q3,Spiral,0
677,NGC4395,12 23 20,33 49.5,S 7 3.5,10.69,0.34,317.0,9.0,Sx,S,7,Spiral,0
678,NGC4406,12 23 40,13 13.4,K 13 3,10.02,0.0,-250.0,17.0,S0,K,13,Irregular,2
679,NGC4412,12 24 02,04 14.3,SB S4 2.0,-13.07,0.31,1735.0,10.0,Sx,SB,S4,Spiral,0
680,NGC4414,12 23 57,31 29.9,S Q5 2.2,10.95,0.47,727.0,45.0,Sx,S,Q5,Spiral,0
681,NGC4417,12 24 18,09 51.7,L 17,12.07,0.0,843.0,57.0,S0,L,17,Irregular,2
682,NGC4419,12 24 25,15 19.4,SB 2 :,12.13,1.01,-229.0,18.0,SBx,SB,2,Spiral,0
683,NGC4420,12 24 25,02 46.3,S S5 3.0,-12.71,0.53,1680.0,10.0,Sx,S,S5,Spiral,0
684,NGC4424,12 24 40,09 41.8,S 1U P,12.32,0.82,456.0,79.0,Sx,S,1U,Spiral,0
685,NGC4425,12 24 42,13 00.7,LB PR S 1 P,12.79,0.0,1883.0,50.0,S0,LB,PR,Spiral,0
686,NGC4428,12 24 53,-07 53.9,S S5 2.3,-13.32,0.56,3036.0,40.0,Sx,S,S5,Spiral,0
687,NGC4429,12 24 54,11 23.1,S 56 0 P,11.15,0.0,1114.0,65.0,Sx,S,56,Spiral,0
688,NGC4433,12 25 03,-08 00.3,S 4 3.0,-13.01,0.56,2979.0,40.0,Sx,S,4,Spiral,0
689,NGC4435,12 25 08,13 21.4,LB17,11.72,0.0,869.0,100.0,S0,LB17,irrelevant,Spiral,0
690,NGC4438,12 25 14,13 17.1,S 3 T,10.91,0.94,1.0,19.0,Sx,S,3,Spiral,0
691,NGC4442,12 25 32,10 04.7,LB16,11.31,0.0,580.0,100.0,S0,LB16,irrelevant,Spiral,0
692,NGC4448,12 25 46,28 53.8,S R3 1.5,12.0,0.95,693.0,65.0,Sx,S,R3,Spiral,0
693,NGC4449,12 25 47,44 22.3,S 9 4.0,9.85,0.2,207.0,5.0,Sx,S,9,Spiral,0
694,NGC4450,12 25 59,17 21.7,S 2 P,10.93,0.62,1958.0,12.0,Sx,S,2,Spiral,0
695,NGC4452,12 26 12,12 02.0,L 1Z,13.3,0.0,152.0,82.0,S0,L,1Z,Irregular,2
696,NGC4454,12 26 16,-01 39.7,S 1,13.0,0.0,2414.0,103.0,Sx,S,1,Spiral,0
697,NGC4455,12 26 13,23 05.5,S 5 O,-12.93,0.66,630.0,12.0,Sx,S,5,Spiral,0
698,NGC4457,12 26 26,03 50.8,S T3 2.0,11.66,0.54,868.0,21.0,Sx,S,T3,Spiral,0
699,NGC4459,12 26 29,14 15.3,L 53,11.49,0.0,1111.0,75.0,S0,L,53,Irregular,2
700,NGC4460,12 26 19,45 08.6,S 4,-12.11,0.72,558.0,28.0,Sx,S,4,Spiral,0
701,NGC4461,12 26 31,13 27.7,S 1,12.09,0.0,1887.0,40.0,Sx,S,1,Spiral,0
702,NGC4462,12 26 44,-22 53.6,SB S2 1.5,12.56,0.91,1866.0,127.0,SBx,SB,S2,Spiral,0
703,NGC4469,12 26 56,09 01.5,S 2 O,-12.28,0.99,508.0,25.0,Sx,S,2,Spiral,0
704,NGC4472,12 27 14,08 16.7,F 11 1,9.32,0.0,961.0,13.0,E,F,11,Irregular,2
705,NGC4473,12 27 17,13 42.4,E 5,11.07,0.0,2275.0,28.0,E5,E,5,Elliptical,1
706,NGC4474,12 27 22,14 20.7,L 18,12.7,0.0,1526.0,50.0,S0,L,18,Irregular,2
707,NGC4476,12 27 28,12 37.5,E 5 P D,13.08,0.0,1978.0,70.0,E5,E,5,Elliptical,1
708,NGC4477,12 27 31,13 54.7,SB2 0,11.24,0.0,1263.0,75.0,SBx,SB2,0,Spiral,0
709,NGC4478,12 27 46,12 36.3,E 2,12.15,0.0,1482.0,75.0,E2,E,2,Elliptical,1
710,NGC4483,12 28 08,09 17.1,LB15,-13.41,0.0,875.0,80.0,S0,LB15,irrelevant,Spiral,0
711,NGC4485,12 28 05,41 58.5,S T,12.36,0.51,786.0,104.0,Sx,S,T,Spiral,0
712,NGC4486,12 28 17,12 40.1,E 0,9.62,0.0,1254.0,14.0,E0,E,0,Elliptical,1
713,NGC4487,12 28 30,-07 46.5,SB S5 2.2,-11.66,0.39,1037.0,8.0,SBx,SB,S5,Spiral,0
714,NGC4490,12 28 10,41 54.9,S 6 P 3.0,10.23,0.53,570.0,2.0,Sx,S,6,Spiral,0
715,NGC4494,12 28 55,26 03.1,E 1,10.74,0.0,1310.0,28.0,E1,E,1,Elliptical,1
716,NGC4496,12 29 07,04 12.9,SB 5 3.5,-11.71,0.37,1725.0,5.0,SBx,SB,5,Spiral,0
717,NGC45,00 11 32,-23 27.6,S S6 3.0,11.1,0.41,463.0,3.0,Sx,S,S6,Spiral,0
718,NGC450,01 12 57,-01 07.6,S S5 2.3,12.5,0.36,1759.0,8.0,Sx,S,S5,Spiral,0
719,NGC4501,12 29 28,14 41.7,S S4 2.0,10.27,0.5,2269.0,5.0,Sx,S,S4,Spiral,0
720,NGC4503,12 29 34,11 27.2,S 1,12.22,0.0,1392.0,76.0,Sx,S,1,Spiral,0
721,NGC4504,12 29 42,-07 17.3,S S5 2.0,-11.92,0.42,998.0,9.0,Sx,S,S5,Spiral,0
722,NGC4517,12 30 12,00 23.3,S 5,11.2,0.87,1129.0,6.0,Sx,S,5,Spiral,0
723,NGC4519,12 30 58,08 55.8,SB T5 2.2,12.34,0.4,1229.0,5.0,SBx,SB,T5,Spiral,0
724,NGC4522,12 31 08,09 27.0,S 4 :,-12.7,0.73,2318.0,10.0,Sx,S,4,Spiral,0
725,NGC4526,12 31 31,07 58.5,L 56,10.59,0.0,448.0,22.0,S0,L,56,Irregular,2
726,NGC4527,12 31 35,02 55.7,S S3 2.0,11.32,1.02,1738.0,8.0,Sx,S,S3,Spiral,0
727,NGC4532,12 31 47,06 44.7,S 9 3.5,12.3,0.3,2002.0,4.0,SBx,S,9,Spiral,0
728,NGC4535,12 31 48,08 28.6,SB S5 1.3,10.51,0.39,1953.0,6.0,Sx,SB,S5,Spiral,0
729,NGC4536,12 31 54,02 27.7,S S5 1.0,11.01,0.57,1809.0,6.0,Sx,S,S5,Spiral,0
730,NGC4540,12 32 20,15 49.6,S S6 3.5,-12.87,0.36,1285.0,10.0,Sx,S,S6,Spiral,0
731,NGC4546,12 32 55,-03 31.1,SB1 0,11.3,0.0,1037.0,24.0,SBx,SB1,0,Spiral,0
732,NGC4548,12 32 55,14 46.4,SB T3 1.5,10.98,0.55,472.0,9.0,SBx,SB,T3,Spiral,0
733,NGC4550,12 32 59,12 29.8,F 17 7,12.33,0.0,378.0,14.0,E,F,17,Irregular,2
734,NGC4552,12 33 08,12 50.0,L 10,10.8,0.0,319.0,26.0,S0,L,10,Irregular,2
735,NGC4559,12 33 29,28 14.1,S S5 2.5,10.36,0.57,810.0,6.0,Sx,S,S5,Spiral,0
736,NGC4561,12 33 38,19 36.1,SB 5 4.0,-12.96,0.35,1407.0,20.0,SBx,SB,5,Spiral,0
737,NGC4564,12 33 55,11 42.9,E 6,11.87,0.0,1015.0,68.0,E7,E,6,Elliptical,1
738,NGC4565,12 33 52,26 15.6,S 3,10.39,1.33,1220.0,14.0,Sx,S,3,Spiral,0
739,NGC4567,12 34 01,11 32.0,S S5 2.5,12.08,0.41,2257.0,9.0,Sx,S,S5,Spiral,0
740,NGC4568,12 34 02,11 30.9,S S5 2.5,11.7,0.57,2320.0,42.0,Sx,S,S5,Spiral,0
741,NGC4569,12 34 19,13 26.4,S S2 1.5,10.23,0.84,-261.0,50.0,Sx,S,S2,Spiral,0
742,NGC4570,12 34 21,07 31.4,K 17 7,11.68,0.0,1730.0,75.0,S0,K,17,Irregular,2
743,NGC4571,12 34 25,14 29.6,S S5 2.5,11.81,0.32,343.0,6.0,Sx,S,S5,Spiral,0
744,NGC4578,12 34 59,09 49.8,L 24,12.04,0.0,2282.0,50.0,S0,L,24,Irregular,2
745,NGC4579,12 35 12,12 05.6,S S2 2.0,10.56,0.55,1805.0,36.0,Sx,S,S2,Spiral,0
746,NGC4580,12 35 16,05 38.6,S R4 2.0,-12.69,0.38,1253.0,64.0,Sx,S,R4,Spiral,0
747,NGC4586,12 35 55,04 35.6,S 1,12.54,1.01,823.0,57.0,Sx,S,1,Spiral,0
748,NGC4589,12 35 28,74 28.0,E 2,11.87,0.0,1971.0,32.0,E2,E,2,Elliptical,1
749,NGC4592,12 36 45,-00 15.4,S 6 3.0,-12.16,0.7,1076.0,15.0,Sx,S,6,Spiral,0
750,NGC4593,12 37 05,-05 04.2,SB T3 1.5,-11.72,0.57,2698.0,38.0,SBx,SB,T3,Spiral,0
751,NGC4594,12 37 23,-11 21.0,S 2,9.28,0.88,1089.0,6.0,Sx,S,2,Spiral,0
752,NGC4595,12 37 21,15 34.3,S S5 2.8,-13.22,0.43,660.0,85.0,Sx,S,S5,Spiral,0
753,NGC4596,12 37 24,10 27.0,SB 1 V,11.45,0.0,1959.0,86.0,SBx,SB,1,Spiral,0
754,NGC4597,12 37 38,-05 31.5,SB R5 3.0:,-12.58,0.53,1045.0,15.0,SBx,SB,R5,Spiral,0
755,NGC4602,12 38 03,-04 52.0,S S5 1.5,-12.28,0.63,2538.0,15.0,Sx,S,S5,Spiral,0
756,NGC4603,12 38 11,-40 42.1,S S5 1.5,-12.09,0.44,2360.0,200.0,Sx,S,S5,Spiral,0
757,NGC4605,12 37 47,61 53.1,S S5 3.0,10.96,0.61,141.0,15.0,Sx,S,S5,Spiral,0
758,NGC4608,12 38 42,10 25.7,SB5 0,12.05,0.0,1863.0,43.0,SBx,SB5,0,Spiral,0
759,NGC4612,12 39 00,07 35.3,LB2,12.04,0.0,1883.0,53.0,S0,LB2,irrelevant,Spiral,0
760,NGC4618,12 39 08,41 25.6,SB T4 P 2.2,11.2,0.33,532.0,31.0,SBx,SB,T4,Spiral,0
761,NGC4621,12 39 31,11 55.2,E 5,10.67,0.0,438.0,29.0,E5,E,5,Elliptical,1
762,NGC4623,12 39 38,07 57.0,E 7,13.09,0.0,1963.0,105.0,E7,E,7,Elliptical,1
763,NGC4630,12 39 58,04 13.9,S,-12.97,0.5,686.0,49.0,Sx,S,irrelevant,Spiral,0
764,NGC4631,12 39 41,32 48.8,S 5 O,9.84,0.86,619.0,3.0,Sx,S,5,Spiral,0
765,NGC4632,12 39 59,00 11.4,S S5 2.3,-12.22,0.61,1727.0,50.0,Sx,S,S5,Spiral,0
766,NGC4635,12 40 09,20 13.2,S 5 2.5,-12.92,0.38,979.0,15.0,Sx,S,5,Spiral,0
767,NGC4636,12 40 17,02 57.7,F 16,10.5,0.0,979.0,20.0,E,F,16,Irregular,2
768,NGC4638,12 40 16,11 42.9,L 17,12.05,0.0,1080.0,150.0,S0,L,17,Irregular,2
769,NGC4639,12 40 21,13 31.9,SB R3 2.0,12.19,0.62,970.0,8.0,SBx,SB,R3,Spiral,0
770,NGC4643,12 40 48,02 15.1,SB5 0,11.55,0.0,1432.0,40.0,SBx,SB5,0,Spiral,0
771,NGC4645,12 41 25,-41 28.7,E 5,12.79,0.0,2588.0,80.0,E5,E,5,Elliptical,1
772,NGC4647,12 41 01,11 51.2,S T5 3.0,12.02,0.36,1448.0,130.0,Sx,S,T5,Spiral,0
773,NGC4649,12 41 09,11 49.5,L 12,9.83,0.0,1259.0,26.0,S0,L,12,Irregular,2
774,NGC4651,12 41 13,16 40.1,S R5 1.5,11.36,0.41,817.0,4.0,Sx,S,R5,Spiral,0
775,NGC4653,12 41 17,-00 17.2,S T5 1.3,12.82,0.31,2605.0,15.0,Sx,S,T5,Spiral,0
776,NGC4654,12 41 26,13 24.0,SB T5 2.0,11.14,0.46,1036.0,6.0,SBx,SB,T5,Spiral,0
777,NGC4656,12 41 32,32 26.5,I 9,10.86,0.41,638.0,4.0,I,I,9,Irregular,2
778,NGC4658,12 42 02,-09 48.7,SB S5 1.5,-12.74,0.57,2407.0,43.0,SBx,SB,S5,Spiral,0
779,NGC4660,12 42 01,11 27.6,E 5,11.87,0.0,1017.0,30.0,E5,E,5,Elliptical,1
780,NGC4665,12 42 33,03 19.8,SB6 0 :,-11.43,0.0,785.0,50.0,SBx,SB6,0,Spiral,0
781,NGC4666,12 42 35,-00 11.2,S 4 2.3,11.56,0.7,1645.0,40.0,Sx,S,4,Spiral,0
782,NGC4668,12 42 58,-00 15.7,SB S5 3.0,13.59,0.47,1701.0,125.0,SBx,SB,S5,Spiral,0
783,NGC4670,12 42 50,27 24.0,SB P,13.05,0.48,1076.0,6.0,SBx,SB,P,Spiral,0
784,NGC4679,12 44 46,-39 17.9,S S3 1.5,-12.95,0.52,4792.0,63.0,Sx,S,S3,Spiral,0
785,NGC4682,12 44 40,-09 47.4,S S5 2.4,-12.87,0.49,2306.0,10.0,Sx,S,S5,Spiral,0
786,NGC4684,12 44 43,-02 27.1,L 47,-12.27,0.0,1590.0,51.0,S0,L,47,Irregular,2
787,NGC4688,12 45 14,04 36.6,SB S5 2.0,-12.45,0.3,981.0,9.0,SBx,SB,S5,Spiral,0
788,NGC4689,12 45 15,14 02.1,S S5 2.3,11.55,0.33,1554.0,15.0,Sx,S,S5,Spiral,0
789,NGC4691,12 45 39,-03 03.6,SB 3 P,11.7,0.54,1123.0,13.0,SBx,SB,3,Spiral,0
790,NGC4694,12 45 44,11 15.4,I 0,12.21,,1177.0,14.0,I,I,0,Irregular,2
791,NGC4696,12 46 04,-41 02.3,E 3 U,11.59,0.0,2983.0,27.0,E3,E,3,Elliptical,1
792,NGC4697,12 46 01,-05 31.7,E 6,10.11,0.0,1224.0,10.0,E7,E,6,Elliptical,1
793,NGC4698,12 45 52,08 45.6,S 1,11.53,0.38,986.0,5.0,Sx,S,1,Spiral,0
794,NGC4699,12 46 26,-08 23.6,S Q2,10.44,0.59,1511.0,49.0,Sx,S,Q2,Spiral,0
795,NGC470,01 17 10,03 09.0,S S4 2.3,12.6,0.44,2476.0,50.0,Sx,S,S4,Spiral,0
796,NGC4700,12 46 32,-11 08.2,S 5 R S 9,-12.57,0.63,1405.0,14.0,Sx,S,5,Spiral,0
797,NGC4701,12 46 39,03 39.7,S S4 2.0,12.75,0.35,724.0,15.0,Sx,S,S4,Spiral,0
798,NGC4710,12 47 09,15 26.3,L 59,11.85,0.0,1117.0,45.0,S0,L,59,Irregular,2
799,NGC4712,12 47 08,25 44.5,S S5 2.0,13.59,0.56,4379.0,8.0,Sx,S,S5,Spiral,0
800,NGC4713,12 47 25,05 35.0,SB S5 2.5,12.21,0.43,656.0,8.0,SBx,SB,S5,Spiral,0
801,NGC4725,12 48 00,25 46.5,SX R3 2.0,9.99,0.62,1213.0,9.0,Sx,SX,R3,Spiral,0
802,NGC473,01 17 15,16 17.0,S R3,-13.04,0.34,2129.0,10.0,Sx,S,R3,Spiral,0
803,NGC4731,12 48 26,-06 07.3,SB S5 3.0:,-11.55,0.53,1495.0,9.0,SBx,SB,S5,Spiral,0
804,NGC4736,12 48 32,41 23.6,S S2,8.92,0.54,311.0,3.0,Sx,S,S2,Spiral,0
805,NGC474,01 17 32,03 09.3,S 0,12.35,0.0,2381.0,9.0,Sx,S,0,Spiral,0
806,NGC4742,12 49 12,-10 11.0,E 4,12.11,0.0,1321.0,50.0,E4,E,4,Elliptical,1
807,NGC4747,12 49 19,26 02.8,SB 5 :,13.01,0.63,1198.0,7.0,SBx,SB,5,Spiral,0
808,NGC4750,12 48 20,73 08.8,S R3 P 2.0,-12.26,0.48,1647.0,89.0,Sx,S,R3,Spiral,0
809,NGC4753,12 49 48,-00 55.7,L P,10.85,0.0,1288.0,50.0,S0,L,P,Irregular,2
810,NGC4754,12 49 47,11 35.1,LB15,11.41,0.0,1461.0,75.0,S0,LB15,irrelevant,Spiral,0
811,NGC4756,12 50 15,-15 08.6,E 3,13.33,0.0,4164.0,90.0,E3,E,3,Elliptical,1
812,NGC4760,12 50 31,-10 13.3,E 0,13.04,0.0,4658.0,95.0,E0,E,0,Elliptical,1
813,NGC4762,12 50 25,11 30.1,L 1Z,11.26,0.0,937.0,19.0,S0,L,1Z,Irregular,2
814,NGC4763,12 50 35,-16 44.1,SB R4 2.0,13.32,0.49,4190.0,58.0,SBx,SB,R4,Spiral,0
815,NGC4765,12 50 42,04 44.1,S 7 3.0:,-13.27,0.38,772.0,48.0,Sx,S,7,Spiral,0
816,NGC4767,12 51 08,-39 27.0,S 0,12.65,0.0,3075.0,36.0,Sx,S,0,Spiral,0
817,NGC4771,12 50 48,01 32.4,S 5 2.5:,-12.7,0.8,1202.0,130.0,Sx,S,5,Spiral,0
818,NGC4772,12 50 56,02 26.4,S 1 :,-12.4,0.82,1042.0,10.0,Sx,S,1,Spiral,0
819,NGC4775,12 51 11,-06 21.2,S S5 2.8,-11.74,0.3,1567.0,10.0,Sx,S,S5,Spiral,0
820,NGC4781,12 51 47,-10 15.9,S S5 2.8,-11.69,0.54,895.0,67.0,Sx,S,S5,Spiral,0
821,NGC4782,12 51 59,-12 18.1,E 0 T,12.75,0.0,3986.0,38.0,E0,E,0,Elliptical,1
822,NGC4783,12 52 00,-12 17.4,E 1 T,12.8,0.0,4642.0,38.0,E1,E,1,Elliptical,1
823,NGC4786,12 51 57,-06 35.3,E 3,12.82,0.0,4647.0,70.0,E3,E,3,Elliptical,1
824,NGC4790,12 52 16,-09 58.6,S 7 2.0,-12.81,0.42,1359.0,15.0,Sx,S,7,Spiral,0
825,NGC4793,12 52 16,29 12.5,S S5 2.2,12.3,0.49,2487.0,17.0,SBx,S,S5,Spiral,0
826,NGC4795,12 52 31,08 20.2,SB S1 T?,-13.18,0.51,2879.0,105.0,SBx,SB,S1,Spiral,0
827,NGC4800,12 52 20,46 48.0,S T3 2.5,12.3,0.58,746.0,50.0,Sx,S,T3,Spiral,0
828,NGC4808,12 53 17,04 34.4,S S5 3.0,-12.56,0.57,776.0,9.0,Sx,S,S5,Spiral,0
829,NGC4814,12 53 14,58 36.9,S S3 1.0,12.8,0.59,2531.0,65.0,Sx,S,S3,Spiral,0
830,NGC4818,12 54 13,-08 15.1,S 2 :,-11.89,0.98,1046.0,94.0,Sx,S,2,Spiral,0
831,NGC4825,12 54 36,-13 23.9,L 23,12.92,0.0,4452.0,45.0,S0,L,23,Irregular,2
832,NGC4826,12 54 17,21 57.1,S S2 2.0,9.37,0.75,413.0,8.0,Sx,S,S2,Spiral,0
833,NGC4835,12 55 17,-45 59.6,S S5 1.5,12.54,0.75,2261.0,82.0,Sx,S,S5,Spiral,0
834,NGC4845,12 55 28,01 50.8,S 1,-12.17,1.1,1061.0,72.0,Sx,S,1,Spiral,0
835,NGC4856,12 56 42,-14 46.3,S 16 0,11.4,0.0,1251.0,75.0,Sx,S,16,Spiral,0
836,NGC4861,12 56 40,35 07.9,SB 9 4.5:,12.8,0.32,831.0,6.0,SBx,SB,9,Spiral,0
837,NGC4866,12 56 58,14 26.5,S 1,11.84,1.25,1980.0,11.0,Sx,S,1,Spiral,0
838,NGC4868,12 56 49,37 34.7,S 5 : R S 3 :,-13.14,0.38,4731.0,43.0,Sx,S,5,Spiral,0
839,NGC488,01 19 11,04 59.8,S T2 1.0,11.15,0.57,2268.0,9.0,Sx,S,T2,Spiral,0
840,NGC4880,12 57 40,12 45.1,F 14 4,-12.57,0.0,1498.0,57.0,E,F,14,Irregular,2
841,NGC4889,12 57 43,28 14.7,E 4,12.57,0.0,6512.0,23.0,E4,E,4,Elliptical,1
842,NGC4891,12 58 15,-13 10.9,SB R4 1.5,12.61,0.32,2632.0,85.0,SBx,SB,R4,Spiral,0
843,NGC4899,12 58 19,-13 40.6,S S5 2.2,-12.61,0.47,2653.0,133.0,Sx,S,S5,Spiral,0
844,NGC4900,12 58 06,02 46.1,S 5 3.5,12.06,0.3,975.0,10.0,Sx,S,5,Spiral,0
845,NGC4902,12 58 22,-14 14.7,SB S3 1.5,11.9,0.47,2643.0,15.0,SBx,SB,S3,Spiral,0
846,NGC4904,12 58 25,00 14.5,SB T4 2.5,12.7,0.41,1285.0,60.0,SBx,SB,T4,Spiral,0
847,NGC491,01 19 03,-34 19.4,SB R4 2.0,13.17,0.32,3899.0,75.0,SBx,SB,R4,Spiral,0
848,NGC4914,12 58 23,37 35.0,L 15 V,-12.3,0.0,4778.0,58.0,S0,L,15,Irregular,2
849,NGC4915,12 58 53,-04 16.6,E 0,12.88,0.0,3152.0,40.0,E0,E,0,Elliptical,1
850,NGC4928,13 00 26,-07 49.0,S S4 3.3,-13.36,0.38,1628.0,73.0,Sx,S,S4,Spiral,0
851,NGC4933,13 01 20,-11 13.8,L 5 P T?,13.18,0.0,3276.0,34.0,S0,L,5,Irregular,2
852,NGC4936,13 01 34,-30 15.4,E 2,12.4,0.0,3309.0,83.0,E2,E,2,Elliptical,1
853,NGC4939,13 01 38,-10 04.4,S T4 1.0,-11.56,0.51,3104.0,5.0,Sx,S,T4,Spiral,0
854,NGC4941,13 01 37,-05 17.0,S S2 2.0,11.9,0.75,1061.0,50.0,Sx,S,S2,Spiral,0
855,NGC4945,13 02 32,-49 12.0,S 5,9.6,0.86,563.0,14.0,Sx,S,5,Spiral,0
856,NGC4947,13 02 34,-35 04.2,S S4 P 1.5,12.74,0.48,2492.0,71.0,Sx,S,S4,Spiral,0
857,NGC4951,13 02 31,-06 13.7,S S5 2.0:,-12.56,0.61,1180.0,9.0,Sx,S,S5,Spiral,0
858,NGC4958,13 03 12,-07 45.1,L 17,11.48,0.0,1515.0,75.0,S0,L,17,Irregular,2
859,NGC4961,13 03 24,28 00.1,SB S4 3.0,13.9,0.4,2537.0,9.0,SBx,SB,S4,Spiral,0
860,NGC4976,13 05 42,-49 14.5,L 14,11.17,0.0,1369.0,57.0,S0,L,14,Irregular,2
861,NGC4981,13 06 13,-06 30.8,SB Q4 2.0,11.83,0.37,1678.0,14.0,SBx,SB,Q4,Spiral,0
862,NGC4984,13 06 23,-15 15.0,S S1,11.71,0.56,1259.0,30.0,Sx,S,S1,Spiral,0
863,NGC4995,13 07 04,-07 34.0,S S4 2.0,11.9,0.41,1835.0,66.0,Sx,S,S4,Spiral,0
864,NGC4999,13 07 00,01 56.4,SB R3,12.64,0.52,3105.0,240.0,SBx,SB,R3,Spiral,0
865,NGC5005,13 08 37,37 19.4,S S3 2.0,10.64,0.83,1022.0,16.0,Sx,S,S3,Spiral,0
866,NGC5011,13 10 00,-42 50.1,E 2,12.4,0.0,3055.0,78.0,E2,E,2,Elliptical,1
867,NGC5012,13 09 12,23 10.9,S T5 1.5,-12.47,0.46,2728.0,49.0,Sx,S,T5,Spiral,0
868,NGC5016,13 09 42,24 21.7,S R5 2.0,-12.94,0.37,2603.0,33.0,Sx,S,R5,Spiral,0
869,NGC5017,13 10 15,-16 30.1,E 2,13.24,0.0,2543.0,68.0,E2,E,2,Elliptical,1
870,NGC5018,13 10 20,-19 15.2,E 4,11.71,0.0,2897.0,75.0,E4,E,4,Elliptical,1
871,NGC5033,13 11 08,36 51.8,S S4 1.5,10.63,0.52,878.0,3.0,Sx,S,S4,Spiral,0
872,NGC5037,13 12 22,-16 19.6,S S2,13.0,1.05,1897.0,43.0,Sx,S,S2,Spiral,0
873,NGC5044,13 12 44,-16 07.3,E 0,11.92,0.0,2704.0,69.0,E0,E,0,Elliptical,1
874,NGC5054,13 14 19,-16 22.1,S S3 1.5,11.51,0.71,1741.0,8.0,Sx,S,S3,Spiral,0
875,NGC5055,13 13 35,42 17.8,S S4 2.5,9.33,0.46,503.0,3.0,Sx,S,S4,Spiral,0
876,NGC5061,13 15 20,-26 34.4,E 0,11.35,0.0,2065.0,46.0,E0,E,0,Elliptical,1
877,NGC5064,13 16 04,-47 38.8,S 1,12.69,0.91,2982.0,25.0,Sx,S,1,Spiral,0
878,NGC5068,13 16 13,-20 46.6,SB S5 2.5,-10.53,0.31,673.0,11.0,SBx,SB,S5,Spiral,0
879,NGC5074,13 16 05,31 44.0,S,14.4,0.4,5680.0,100.0,Sx,S,irrelevant,Spiral,0
880,NGC5077,13 16 53,-12 23.7,E 3,12.56,0.0,2764.0,58.0,E3,E,3,Elliptical,1
881,NGC5084,13 17 34,-21 33.9,L 18,12.02,0.0,1739.0,75.0,S0,L,18,Irregular,2
882,NGC5085,13 17 33,-24 10.7,S R5 1.5,12.04,0.32,1959.0,14.0,Sx,S,R5,Spiral,0
883,NGC5087,13 17 43,-20 20.9,L 55,12.0,0.0,1832.0,150.0,S0,L,55,Irregular,2
884,NGC5088,13 17 42,-12 18.8,S 5 3.0,-13.17,0.68,1432.0,14.0,Sx,S,5,Spiral,0
885,NGC5090,13 18 17,-43 26.5,E 2,12.64,0.0,3067.0,69.0,E2,E,2,Elliptical,1
886,NGC5101,13 19 01,-27 10.1,SB 1,-11.58,0.0,1857.0,15.0,SBx,SB,1,Spiral,0
887,NGC5102,13 19 07,-36 22.1,L 15,10.64,0.0,420.0,9.0,S0,L,15,Irregular,2
888,NGC5112,13 19 41,38 59.8,S T5 2.0,-11.82,0.39,965.0,7.0,Sx,S,T5,Spiral,0
889,NGC5116,13 20 34,27 14.5,S S5 2.0,-13.15,0.64,2862.0,20.0,Sx,S,S5,Spiral,0
890,NGC5121,13 21 53,-37 25.3,S 14 0,12.4,0.0,1532.0,125.0,Sx,S,14,Spiral,0
891,NGC5128,13 22 32,-42 45.5,L + S P,7.89,1.0,526.0,8.0,S0,L,+,Irregular,2
892,NGC5134,13 22 36,-20 52.6,S S3 2.5U,-12.39,0.72,1754.0,10.0,Sx,S,S3,Spiral,0
893,NGC5135,13 22 56,-29 34.3,SB 3 :,-12.94,0.92,4157.0,35.0,SBx,SB,3,Spiral,0
894,NGC514,01 21 25,12 39.5,S S5 2.0,12.5,0.35,2474.0,12.0,Sx,S,S5,Spiral,0
895,NGC5147,13 23 47,02 21.7,S S5 3.5,12.29,0.34,1104.0,9.0,Sx,S,S5,Spiral,0
896,NGC5150,13 24 50,-29 18.2,S R3 1.5,-13.26,0.43,4376.0,80.0,Sx,S,R3,Spiral,0
897,NGC5156,13 25 43,-48 39.4,SB T4 1.0,12.87,0.29,2950.0,43.0,SBx,SB,T4,Spiral,0
898,NGC5161,13 26 25,-32 54.9,S S5 1.0,11.98,0.6,2370.0,15.0,Sx,S,S5,Spiral,0
899,NGC5170,13 27 05,-17 42.3,S 3 :,11.88,1.33,1500.0,14.0,Sx,S,3,Spiral,0
900,NGC5172,13 26 53,17 18.6,S 3 1.0,12.6,0.75,4031.0,8.0,Sx,S,3,Spiral,0
901,NGC5188,13 28 37,-34 32.0,SB S4 P 2.5,-12.7,0.6,2366.0,43.0,SBx,SB,S4,Spiral,0
902,NGC5193,13 29 04,-32 58.6,L 10,12.88,0.0,3684.0,133.0,S0,L,10,Irregular,2
903,NGC5194,13 27 46,47 27.3,S S4 1.5,8.98,0.41,464.0,2.0,Sx,S,S4,Spiral,0
904,NGC5195,13 27 53,47 31.8,LB1 P,10.51,,475.0,8.0,S0,LB1,P,Spiral,0
905,NGC5198,13 28 04,46 55.7,E 1,-12.9,0.0,2531.0,31.0,E1,E,1,Elliptical,1
906,NGC520,01 22 00,03 31.9,I 0,12.09,,2184.0,15.0,I,I,0,Irregular,2
907,NGC5204,13 27 44,58 40.7,S 7 4.0,11.75,0.46,201.0,2.0,Sx,S,7,Spiral,0
908,NGC521,01 22 00,01 28.2,SB T5 1.0,12.5,0.31,5065.0,40.0,SBx,SB,T5,Spiral,0
909,NGC5230,13 33 05,13 55.8,S S5 1.0,-12.75,0.32,6839.0,15.0,Sx,S,S5,Spiral,0
910,NGC5236,13 34 10,-29 36.8,SB S5 2.0,8.51,0.31,520.0,6.0,SBx,SB,S5,Spiral,0
911,NGC524,01 22 10,09 16.7,S 3 0,11.62,0.0,2377.0,46.0,Sx,S,3,Spiral,0
912,NGC5247,13 35 21,-17 38.1,S S5 1.5,11.1,0.33,1354.0,8.0,Sx,S,S5,Spiral,0
913,NGC5248,13 35 03,09 08.5,S S4 1.5,10.8,0.38,1154.0,5.0,Sx,S,S4,Spiral,0
914,NGC5253,13 37 05,-31 23.4,I 0,11.11,,395.0,3.0,I,I,0,Irregular,2
915,NGC5266,13 39 56,-47 55.0,L 55 P P,12.27,0.0,3110.0,73.0,S0,L,55,Irregular,2
916,NGC5273,13 39 55,35 54.5,S 0,12.42,0.0,1044.0,12.0,Sx,S,0,Spiral,0
917,NGC5297,13 44 19,44 07.4,S S5 2.0,12.23,0.8,2587.0,71.0,Sx,S,S5,Spiral,0
918,NGC5300,13 45 44,04 11.9,S S5 2.0,-11.93,0.42,1168.0,9.0,Sx,S,S5,Spiral,0
919,NGC5301,13 44 22,46 21.4,S S5,-12.66,0.82,1631.0,42.0,Sx,S,S5,Spiral,0
920,NGC5308,13 45 21,61 13.3,L 18,12.2,0.0,2038.0,35.0,S0,L,18,Irregular,2
921,NGC5313,13 47 37,40 14.0,S :,-13.15,0.46,2538.0,15.0,Sx,S,:,Spiral,0
922,NGC5322,13 47 35,60 26.4,E 4,10.91,0.0,1804.0,60.0,E4,E,4,Elliptical,1
923,NGC5324,13 49 30,-05 48.4,S R4 1.3,-12.43,0.29,3013.0,15.0,Sx,S,R4,Spiral,0
924,NGC5326,13 48 42,39 49.2,,12.94,,2554.0,55.0,Sx,nan,irrelevant,Irregular,2
925,NGC5328,13 50 03,-28 14.7,E 4,12.89,0.0,4816.0,125.0,E4,E,4,Elliptical,1
926,NGC533,01 22 56,01 30.3,E 3,12.75,0.0,5506.0,53.0,E3,E,3,Elliptical,1
927,NGC5334,13 50 20,-00 52.1,SB :,-11.9,0.48,1377.0,15.0,SBx,SB,:,Spiral,0
928,NGC5347,13 51 04,33 44.2,SB S3 1.5,-13.4,0.54,2373.0,12.0,SBx,SB,S3,Spiral,0
929,NGC5350,13 51 14,40 36.7,SB T4 1.5,12.2,0.36,2251.0,70.0,SBx,SB,T4,Spiral,0
930,NGC5351,13 51 19,38 09.5,SB T3 1.0,13.0,0.75,3621.0,11.0,SBx,SB,T3,Spiral,0
931,NGC5353,13 51 21,40 31.5,K 17 7,12.05,0.0,2171.0,48.0,S0,K,17,Irregular,2
932,NGC5357,13 53 06,-30 05.8,E 3,-13.2,0.0,5019.0,115.0,E3,E,3,Elliptical,1
933,NGC5362,13 52 48,41 33.7,S 3U R S 5U,-13.14,0.71,2262.0,143.0,Sx,S,3U,Spiral,0
934,NGC5363,13 53 37,05 30.0,L 55 V,11.06,0.0,1138.0,41.0,S0,L,55,Irregular,2
935,NGC5364,13 53 42,05 15.6,S R5 1.0,11.05,0.41,1252.0,20.0,Sx,S,R5,Spiral,0
936,NGC5365,13 54 45,-43 41.3,LB6,12.21,0.0,2472.0,45.0,S0,LB6,irrelevant,Spiral,0
937,NGC5371,13 53 33,40 42.4,SX T3 1.0,11.4,0.59,2561.0,9.0,Sx,SX,T3,Spiral,0
938,NGC5376,13 53 39,59 45.0,S S4 2.0,-13.0,0.44,2069.0,64.0,Sx,S,S4,Spiral,0
939,NGC5377,13 54 17,47 28.9,SB 1 R S 1,12.0,0.74,1796.0,10.0,SBx,SB,1,Spiral,0
940,NGC5380,13 54 49,37 51.1,L 10,-12.75,0.0,3017.0,70.0,S0,L,10,Irregular,2
941,NGC5383,13 55 01,42 05.6,SB S3 1.5,12.05,0.51,2260.0,3.0,SBx,SB,S3,Spiral,0
942,NGC5395,13 56 30,37 38.2,S 3 2.0,12.35,0.76,3542.0,30.0,Sx,S,3,Spiral,0
943,NGC5398,13 58 27,-32 49.3,SB S5 2.5,12.74,0.28,1225.0,14.0,SBx,SB,S5,Spiral,0
944,NGC5406,13 58 14,39 09.2,S S5 1.2,-12.96,0.38,5191.0,83.0,Sx,S,S5,Spiral,0
945,NGC5419,14 00 44,-33 44.5,L 12,-12.4,0.0,4254.0,82.0,S0,L,12,Irregular,2
946,NGC5422,13 58 57,55 24.3,S 1 R L 58,12.71,0.0,1837.0,43.0,S0,S,1,Spiral,0
947,NGC5426,14 00 48,-05 49.8,S T4 1.2,12.78,0.5,2609.0,8.0,Sx,S,T4,Spiral,0
948,NGC5427,14 00 49,-05 47.5,S S4 1.0,12.07,0.31,2719.0,20.0,Sx,S,S4,Spiral,0
949,NGC5430,13 59 09,59 34.1,SB R3 2.0,-12.78,0.68,2875.0,90.0,SBx,SB,R3,Spiral,0
950,NGC5444,14 01 13,35 22.5,E 3,-12.51,0.0,3974.0,41.0,E3,E,3,Elliptical,1
951,NGC5448,14 00 56,49 24.8,S S1,12.2,0.85,2023.0,10.0,Sx,S,S1,Spiral,0
952,NGC5457,14 01 28,54 35.6,S S5 1.0,8.18,0.29,251.0,2.0,Sx,S,S5,Spiral,0
953,NGC5464,14 04 11,-29 46.8,IB 9 3.0,-13.15,0.21,2686.0,38.0,I,IB,9,Spiral,0
954,NGC5468,14 03 58,-05 12.8,S S5 2.0,-12.24,0.29,2845.0,9.0,Sx,S,S5,Spiral,0
955,NGC5473,14 02 59,55 07.9,LB13,12.36,0.0,2023.0,42.0,S0,LB13,irrelevant,Spiral,0
956,NGC5474,14 03 15,53 54.0,S S6 P 4.0,11.31,0.3,275.0,2.0,Sx,S,S6,Spiral,0
957,NGC5480,14 04 31,50 57.7,S S5 3.0,-12.89,0.42,1856.0,18.0,Sx,S,S5,Spiral,0
958,NGC5483,14 07 17,-43 05.3,SB S4 2.0,12.09,0.31,1773.0,8.0,SBx,SB,S4,Spiral,0
959,NGC5485,14 05 27,55 14.2,L 52 P P,12.44,0.0,1985.0,50.0,S0,L,52,Irregular,2
960,NGC5493,14 08 53,-04 48.5,F 27 7,12.3,0.0,2627.0,75.0,E,F,27,Irregular,2
961,NGC5494,14 09 29,-30 24.8,S S5 1.5,12.71,0.32,2690.0,50.0,Sx,S,S5,Spiral,0
962,NGC5496,14 09 04,-00 55.4,S S5,-12.59,0.84,1527.0,20.0,Sx,S,S5,Spiral,0
963,NGC55,00 12 24,-39 28.0,S 5,8.22,0.87,129.0,3.0,Sx,S,5,Spiral,0
964,NGC5523,14 12 35,25 33.0,S S5 2.5,-12.47,0.71,1047.0,8.0,Sx,S,S5,Spiral,0
965,NGC5530,14 15 18,-43 09.7,S S5 2.8,-11.98,0.51,1196.0,15.0,Sx,S,S5,Spiral,0
966,NGC5533,14 14 00,35 34.5,S S3 1.0,-12.65,0.67,3862.0,10.0,Sx,S,S3,Spiral,0
967,NGC5534,14 15 01,-07 11.2,SB S4 M?2.0,-13.5,0.49,2633.0,10.0,SBx,SB,S4,Spiral,0
968,NGC5548,14 15 43,25 22.0,S 1,13.15,0.25,4970.0,29.0,Sx,S,1,Spiral,0
969,NGC5556,14 17 38,-29 01.1,SB Q5 2.5,-11.88,0.33,1384.0,10.0,SBx,SB,Q5,Spiral,0
970,NGC5557,14 16 20,36 43.4,E 2,12.01,0.0,3195.0,60.0,E2,E,2,Elliptical,1
971,NGC5566,14 17 49,04 09.7,SB R1 2.0,11.35,1.0,1569.0,24.0,SBx,SB,R1,Spiral,0
972,NGC5574,14 18 25,03 28.0,L 18,13.25,0.0,1716.0,50.0,S0,L,18,Irregular,2
973,NGC5576,14 18 33,03 29.9,E 4,11.76,0.0,1528.0,100.0,E4,E,4,Elliptical,1
974,NGC5584,14 19 50,-00 09.6,S S5 1.5,-11.95,0.38,1636.0,9.0,Sx,S,S5,Spiral,0
975,NGC5585,14 18 12,56 57.5,S S7 4.0,11.37,0.43,304.0,2.0,Sx,S,S7,Spiral,0
976,NGC5592,14 21 02,-28 27.9,S S4 1.5,-13.27,0.4,4408.0,45.0,Sx,S,S4,Spiral,0
977,NGC5595,14 21 27,-16 30.0,S S5 2.0,12.69,0.47,2681.0,40.0,Sx,S,S5,Spiral,0
978,NGC5597,14 21 42,-16 32.2,SB S5 2.0,12.6,0.33,2624.0,66.0,SBx,SB,S5,Spiral,0
979,NGC5600,14 21 26,14 51.8,S 3 P,13.2,0.44,2348.0,23.0,Sx,S,3,Spiral,0
980,NGC5605,14 22 25,-12 56.3,S S4 2.0,-13.15,0.35,3363.0,15.0,Sx,S,S4,Spiral,0
981,NGC5612,14 28 12,-78 09.8,S S3 2.0,13.14,0.96,2764.0,148.0,Sx,S,S3,Spiral,0
982,NGC5614,14 22 01,35 05.1,S S1 T,12.54,0.52,3872.0,75.0,Sx,S,S1,Spiral,0
983,NGC5631,14 25 00,56 48.,S 52 0,12.46,0.0,1979.0,60.0,Sx,S,52,Spiral,0
984,NGC5633,14 25 37,46 22.1,S S4 2.0,12.9,0.46,2341.0,41.0,Sx,S,S4,Spiral,0
985,NGC5638,14 27 09,03 27.3,E 1,12.2,0.0,1690.0,39.0,E1,E,1,Elliptical,1
986,NGC5641,14 27 05,29 02.6,SY 2 1.0,-12.9,0.74,4467.0,95.0,Sx,SY,2,Spiral,0
987,NGC5643,14 29 28,-43 57.2,SB S5 2.5,10.89,0.32,1194.0,10.0,SBx,SB,S5,Spiral,0
988,NGC5645,14 28 10,07 29.8,S 5 P 3.0,12.8,0.45,1455.0,222.0,Sx,S,5,Spiral,0
989,NGC5653,14 28 01,31 26.3,S S5 P 3.0,12.9,0.34,3557.0,118.0,Sx,S,S5,Spiral,0
990,NGC5660,14 28 04,49 50.8,S S5 1.8,12.3,0.31,2321.0,8.0,Sx,S,S5,Spiral,0
991,NGC5665,14 29 58,08 18.0,S S5 P 4.0,-12.79,0.41,2281.0,24.0,Sx,S,S5,Spiral,0
992,NGC5668,14 30 54,04 40.2,S S5 2.5,12.15,0.3,1581.0,6.0,Sx,S,S5,Spiral,0
993,NGC5669,14 30 17,10 06.6,SX R5 1.5,-12.0,0.38,1371.0,7.0,Sx,SX,R5,Spiral,0
994,NGC5676,14 31 02,49 40.8,S S5 2.0,11.68,0.53,2127.0,9.0,Sx,S,S5,Spiral,0
995,NGC5678,14 30 38,58 08.4,S S5 2.5,-12.08,0.53,2300.0,89.0,Sx,S,S5,Spiral,0
996,NGC5687,14 33 16,54 41.6,E 3,12.6,0.0,2119.0,75.0,E3,E,3,Elliptical,1
997,NGC5689,14 33 44,48 57.6,S 1,12.8,0.36,2163.0,22.0,E1,S,1,Spiral,0
998,NGC5690,14 35 09,02 30.4,S 5 2.0:,12.5,0.69,1750.0,15.0,Sx,S,5,Spiral,0
999,NGC5691,14 35 20,-00 10.9,SY 3 P 3.0,-12.95,0.55,1876.0,50.0,Sx,SY,3,Spiral,0
1000,NGC5701,14 36 41,05 34.8,USB 1,11.8,0.0,1506.0,4.0,SBx,USB,1,Spiral,0
1001,NGC5713,14 37 38,-00 04.5,S S4 P,12.0,0.32,1883.0,6.0,Sx,S,S4,Spiral,0
1002,NGC5728,14 39 37,-17 02.3,SB S3 2.0,12.1,0.75,2970.0,40.0,SBx,SB,S3,Spiral,0
1003,NGC5739,14 40 34,42 03.3,S S1,13.3,0.47,5608.0,118.0,Sx,S,S1,Spiral,0
1004,NGC5740,14 41 52,01 53.4,S R3 1.0,12.62,0.76,1585.0,9.0,Sx,S,R3,Spiral,0
1005,NGC5746,14 42 23,02 09.9,S S3,11.55,1.31,1731.0,10.0,Sx,S,S3,Spiral,0
1006,NGC5750,14 43 37,-00 00.8,SB S1,12.5,0.72,2023.0,173.0,SBx,SB,S1,Spiral,0
1007,NGC5756,14 44 48,-14 38.4,S S5 2.0,-13.23,0.54,2183.0,75.0,Sx,S,S5,Spiral,0
1008,NGC5757,14 44 57,-18 52.1,SB T3 2.0,-12.62,0.5,2771.0,58.0,SBx,SB,T3,Spiral,0
1009,NGC5768,14 49 33,-02 19.7,S S5 3.0,-12.94,0.37,2067.0,20.0,Sx,S,S5,Spiral,0
1010,NGC5775,14 51 27,03 44.8,S 5 O,12.24,0.76,1582.0,99.0,Sx,S,5,Spiral,0
1011,NGC578,01 28 05,-22 55.5,S S5 1.5,11.48,0.44,1632.0,10.0,Sx,S,S5,Spiral,0
1012,NGC5791,14 55 50,-19 03.9,L 14,12.86,0.0,3339.0,73.0,S0,L,14,Irregular,2
1013,NGC5792,14 55 48,-00 53.4,SB S3 1.3,-11.72,1.14,1985.0,68.0,SBx,SB,S3,Spiral,0
1014,NGC5796,14 56 36,-16 25.4,E 1 P,12.65,0.0,2946.0,30.0,E1,E,1,Elliptical,1
1015,NGC5806,14 57 28,02 05.4,S S3 2.8,12.3,0.51,1352.0,10.0,Sx,S,S3,Spiral,0
1016,NGC5812,14 58 17,-07 15.5,E 0,12.33,0.0,2066.0,50.0,E0,E,0,Elliptical,1
1017,NGC5813,14 58 39,01 53.9,E 1,11.61,0.0,1882.0,65.0,E1,E,1,Elliptical,1
1018,NGC5820,14 57 11,54 05.1,L 34,12.99,0.0,3269.0,60.0,S0,L,34,Irregular,2
1019,NGC5831,15 01 34,01 24.9,E 4,12.5,0.0,1684.0,50.0,E4,E,4,Elliptical,1
1020,NGC5838,15 02 54,02 17.6,L 35,11.76,0.0,1427.0,50.0,S0,L,35,Irregular,2
1021,NGC584,01 28 50,-07 07.6,L 1,11.2,0.0,1875.0,11.0,S0,L,1,Irregular,2
1022,NGC5846,15 03 56,01 47.8,L 10,11.17,0.0,1753.0,18.0,S0,L,10,Irregular,2
1023,NGC5850,15 04 35,01 44.2,SB Q3 1.5,11.71,0.47,2509.0,18.0,SBx,SB,Q3,Spiral,0
1024,NGC5854,15 05 16,02 45.6,S 1,12.64,0.0,1728.0,27.0,Sx,S,1,Spiral,0
1025,NGC5861,15 06 33,-11 07.9,S S5 2.0,12.31,0.48,1855.0,7.0,Sx,S,S5,Spiral,0
1026,NGC5864,15 07 02,03 14.6,SB 1,12.63,0.0,1618.0,66.0,SBx,SB,1,Spiral,0
1027,NGC5866,15 05 07,55 57.3,L 58,10.86,0.0,672.0,9.0,S0,L,58,Irregular,2
1028,NGC5878,15 11 00,-14 05.1,S S3 1.2,12.3,0.86,2111.0,65.0,Sx,S,S3,Spiral,0
1029,NGC5879,15 08 29,57 11.4,S S3 2.0,12.1,0.99,772.0,7.0,Sx,S,S3,Spiral,0
1030,NGC5885,15 12 22,-09 54.0,SB S5 2.0,12.2,0.32,1999.0,8.0,SBx,SB,S5,Spiral,0
1031,NGC5898,15 15 17,-23 55.0,L 40,12.56,0.0,2267.0,111.0,S0,L,40,Irregular,2
1032,NGC5899,15 13 14,42 14.0,S S5 2.0,12.6,0.59,2554.0,14.0,Sx,S,S5,Spiral,0
1033,NGC5903,15 15 40,-23 53.1,F 13 3,12.5,0.0,2547.0,97.0,E,F,13,Irregular,2
1034,NGC5905,15 14 02,55 42.1,SB T3 1.0,-12.33,0.56,3389.0,14.0,SBx,SB,T3,Spiral,0
1035,NGC5907,15 14 37,56 30.4,S 5 O,11.15,0.87,621.0,19.0,Sx,S,5,Spiral,0
1036,NGC5908,15 15 24,55 35.4,S 3 O,12.9,0.98,3312.0,15.0,Sx,S,3,Spiral,0
1037,NGC5915,15 18 48,-12 54.9,SB S4 P,-12.89,0.39,2273.0,14.0,SBx,SB,S4,Spiral,0
1038,NGC5921,15 19 28,05 14.9,SB S4 1.5,11.53,0.34,1480.0,10.0,SBx,SB,S4,Spiral,0
1039,NGC5936,15 27 39,13 09.6,S R5 1.5,13.0,0.3,4007.0,60.0,Sx,S,R5,Spiral,0
1040,NGC5949,15 27 19,64 56.0,S 5,-12.94,0.54,435.0,10.0,Sx,S,5,Spiral,0
1041,NGC596,01 30 22,-07 17.3,E 0,11.88,0.0,1902.0,15.0,E0,E,0,Elliptical,1
1042,NGC5962,15 34 14,16 46.4,S R5 2.3,12.1,0.4,1963.0,10.0,Sx,S,R5,Spiral,0
1043,NGC5967,15 42 10,-75 31.2,S T5 2.2,12.76,0.46,2904.0,90.0,Sx,S,T5,Spiral,0
1044,NGC5970,15 36 08,12 21.0,SB R4 2.0,12.15,0.41,2056.0,26.0,SBx,SB,R4,Spiral,0
1045,NGC598,01 31 03,30 23.9,S S5 2.5,6.26,0.45,-180.0,0.0,Sx,S,S5,Spiral,0
1046,NGC5982,15 37 38,59 31.1,E 3,12.08,0.0,2869.0,10.0,E3,E,3,Elliptical,1
1047,NGC5984,15 40 34,14 23.4,SB 6 3.0:,-12.94,0.73,1118.0,9.0,SBx,SB,6,Spiral,0
1048,NGC5985,15 38 36,59 29.6,SB R3 1.0,11.8,0.74,2517.0,7.0,SBx,SB,R3,Spiral,0
1049,NGC6015,15 50 39,62 27.5,S S5 2.5,11.73,0.61,828.0,5.0,Sx,S,S5,Spiral,0
1050,NGC6052,16 03 01,20 40.5,S P,13.45,0.19,4729.0,16.0,Sx,S,P,Spiral,0
1051,NGC6070,16 07 26,00 50.4,S S5 1.0,12.35,0.49,2012.0,7.0,Sx,S,S5,Spiral,0
1052,NGC6106,16 16 22,07 32.0,S T5 2.3,12.8,0.48,1456.0,10.0,Sx,S,T5,Spiral,0
1053,NGC6118,16 19 13,-02 10.1,S S5 1.3,-11.91,0.55,1571.0,9.0,Sx,S,S5,Spiral,0
1054,NGC613,01 31 59,-29 40.3,SB T3 2.0,10.75,0.56,1526.0,18.0,SBx,SB,T3,Spiral,0
1055,NGC615,01 32 35,-07 35.8,S R3 1.5,12.3,0.91,1858.0,9.0,Sx,S,R3,Spiral,0
1056,NGC6181,16 30 10,19 55.9,S S5 2.0,12.5,0.54,2372.0,8.0,Sx,S,S5,Spiral,0
1057,NGC6207,16 41 18,36 55.7,S S5 3.0,12.15,0.57,846.0,7.0,Sx,S,S5,Spiral,0
1058,NGC6215,16 46 48,-58 54.3,S S5 2.0,11.89,0.37,1563.0,15.0,Sx,S,S5,Spiral,0
1059,NGC6217,16 35 03,78 18.0,SB S4 2.0,11.86,0.34,1365.0,5.0,SBx,SB,S4,Spiral,0
1060,NGC6221,16 48 25,-59 08.0,S S4 2.5,11.52,0.39,1478.0,15.0,Sx,S,S4,Spiral,0
1061,NGC6239,16 48 31,42 49.4,SB 5 P 3.0,12.8,0.55,938.0,12.0,SBx,SB,5,Spiral,0
1062,NGC625,01 32 55,-41 41.4,I 0 R I 9 3.0,-12.21,0.3,403.0,8.0,I,I,0,Irregular,2
1063,NGC628,01 34 01,15 31.6,S S5 1.0,9.77,0.31,656.0,2.0,Sx,S,S5,Spiral,0
1064,NGC6300,17 12 18,-62 45.8,SB S3 P 2.0,11.04,0.67,1107.0,14.0,SBx,SB,S3,Spiral,0
1065,NGC6340,17 11 16,72 21.9,S R1 1.0,11.9,0.5,1234.0,11.0,Sx,S,R1,Spiral,0
1066,NGC636,01 36 36,-07 45.9,E 1,12.25,0.0,1868.0,22.0,E1,E,1,Elliptical,1
1067,NGC6384,17 29 59,07 05.8,S R3 1.0,11.29,0.63,1673.0,9.0,Sx,S,R3,Spiral,0
1068,NGC6412,17 31 22,75 44.3,SX S5 1.5,12.32,0.32,1326.0,6.0,Sx,SX,S5,Spiral,0
1069,NGC6482,17 49 44,23 05.0,E 2,12.1,0.0,3922.0,60.0,E2,E,2,Elliptical,1
1070,NGC6503,17 49 58,70 09.5,S S5 2.8,10.93,0.65,60.0,7.0,Sx,S,S5,Spiral,0
1071,NGC6574,18 09 35,14 58.2,S S4 2.3,12.85,0.37,2290.0,16.0,Sx,S,S4,Spiral,0
1072,NGC6643,18 21 14,74 32.7,S S5 2.0,11.74,0.52,1491.0,5.0,Sx,S,S5,Spiral,0
1073,NGC6684,18 44 02,-65 13.8,SB S1,11.34,0.31,886.0,54.0,SBx,SB,S1,Spiral,0
1074,NGC6699,18 47 48,-57 22.7,S S4 1.2,12.73,0.3,3509.0,21.0,Sx,S,S4,Spiral,0
1075,NGC670,01 44 37,27 38.1,S 3 :,13.17,0.87,3788.0,45.0,Sx,S,3,Spiral,0
1076,NGC672,01 45 05,27 11.1,SB S5 3.0,11.41,0.62,413.0,6.0,SBx,SB,S5,Spiral,0
1077,NGC6721,18 56 34,-57 49.6,E 1,13.12,0.0,4467.0,78.0,E1,E,1,Elliptical,1
1078,NGC6744,19 05 02,-63 56.3,S R4 2.0,9.24,0.44,833.0,15.0,Sx,S,R4,Spiral,0
1079,NGC6753,19 07 13,-57 07.7,S R3 1.0,11.93,0.5,3145.0,65.0,Sx,S,R3,Spiral,0
1080,NGC6754,19 07 34,-50 43.4,S S4 2.5,-13.16,0.54,3325.0,24.0,Sx,S,S4,Spiral,0
1081,NGC6758,19 09 44,-56 23.7,E 2,12.61,0.0,3367.0,108.0,E2,E,2,Elliptical,1
1082,NGC6769,19 13 57,-60 36.2,S R3 2.0,12.58,0.64,3858.0,81.0,Sx,S,R3,Spiral,0
1083,NGC6776,19 20 43,-63 57.9,E 1 P M?,12.91,0.0,5488.0,78.0,E1,E,1,Elliptical,1
1084,NGC6780,19 18 46,-55 52.4,S T4 1.5,-13.15,0.35,3516.0,80.0,Sx,S,T4,Spiral,0
1085,NGC6782,19 19 38,-60 01.1,SB S2,12.71,0.74,3903.0,78.0,SBx,SB,S2,Spiral,0
1086,NGC6808,19 38 30,-70 45.2,S S5 2.0,13.39,0.61,3466.0,47.0,Sx,S,S5,Spiral,0
1087,NGC681,01 46 43,-10 40.5,S 2,12.71,0.68,1745.0,9.0,Sx,S,2,Spiral,0
1088,NGC6810,19 39 21,-58 46.5,S 3,12.21,1.12,1975.0,87.0,Sx,S,3,Spiral,0
1089,NGC6814,19 39 55,-10 26.6,S T4 1.5,12.02,0.3,1560.0,9.0,Sx,S,T4,Spiral,0
1090,NGC6822,19 42 07,-14 55.7,I 9 4.5,9.35,0.16,-49.0,5.0,I,I,9,Irregular,2
1091,NGC6835,19 51 47,-12 42.0,I 0,13.13,,1631.0,14.0,I,I,0,Irregular,2
1092,NGC685,01 45 49,-53 00.6,SB R5 2.0,-11.97,0.29,1415.0,78.0,SBx,SB,R5,Spiral,0
1093,NGC6851,19 59 55,-48 25.0,E 4,12.61,0.0,3020.0,23.0,E4,E,4,Elliptical,1
1094,NGC6854,20 01 46,-54 31.0,E 1 + E 0,13.27,0.0,5692.0,78.0,S0,E,1,Elliptical,1
1095,NGC6861,20 03 42,-48 30.8,L 56,12.07,0.0,2859.0,80.0,S0,L,56,Irregular,2
1096,NGC6868,20 06 19,-48 31.4,F 43 3,11.83,0.0,2764.0,39.0,E,F,43,Irregular,2
1097,NGC6875,20 09 41,-46 18.5,S 0 M,12.77,0.0,3103.0,48.0,Sx,S,0,Spiral,0
1098,NGC6876,20 13 05,-71 01.0,E 3,12.56,0.0,3971.0,148.0,E3,E,3,Elliptical,1
1099,NGC6878,20 10 25,-44 40.4,S R5 1.3,14.07,0.38,5856.0,29.0,Sx,S,R5,Spiral,0
1100,NGC6887,20 13 30,-52 57.1,S S2 1.5,12.46,0.93,3041.0,107.0,Sx,S,S2,Spiral,0
1101,NGC6890,20 14 50,-44 57.4,S S2 2.5,13.02,0.56,2466.0,65.0,Sx,S,S2,Spiral,0
1102,NGC6893,20 17 14,-48 23.7,L 54,12.54,0.0,3175.0,95.0,S0,L,54,Irregular,2
1103,NGC6902,20 21 04,-43 49.0,S R1,12.65,0.28,2781.0,11.0,Sx,S,R1,Spiral,0
1104,NGC6907,20 22 07,-24 58.3,SB S4 2.0,12.0,0.33,3155.0,80.0,SBx,SB,S4,Spiral,0
1105,NGC6909,20 24 09,-47 11.6,E 5,12.78,0.0,2680.0,200.0,E5,E,5,Elliptical,1
1106,NGC6923,20 28 34,-31 00.1,SB S4 2.0,12.85,0.5,2948.0,34.0,SBx,SB,S4,Spiral,0
1107,NGC6925,20 31 14,-32 09.2,S R4 1.0,12.1,0.64,2775.0,11.0,Sx,S,R4,Spiral,0
1108,NGC6935,20 34 41,-52 17.2,S R1,13.01,0.51,4794.0,200.0,Sx,S,R1,Spiral,0
1109,NGC6942,20 36 53,-54 28.8,SB S1,13.1,0.0,3964.0,250.0,SBx,SB,S1,Spiral,0
1110,NGC6943,20 39 52,-68 55.6,S T4 1.0,12.16,0.54,3114.0,248.0,Sx,S,T4,Spiral,0
1111,NGC6946,20 33 48,59 59.0,S S5 2.0,9.68,0.32,48.0,2.0,Sx,S,S5,Spiral,0
1112,NGC6951,20 36 37,65 55.9,SX T3 1.3,12.2,0.51,1425.0,10.0,Sx,SX,T3,Spiral,0
1113,NGC6958,20 45 30,-38 10.9,?L 1 3,12.21,0.0,2757.0,175.0,S0,?L,1,Irregular,2
1114,NGC6970,20 48 40,-48 57.8,S S5 2.0,13.27,0.32,5280.0,42.0,Sx,S,S5,Spiral,0
1115,NGC6984,20 54 19,-52 03.8,SB R4 1.8,13.33,0.42,4522.0,113.0,SBx,SB,R4,Spiral,0
1116,NGC7007,21 01 53,-52 45.1,S 3 0 U,12.99,0.0,2954.0,60.0,Sx,S,3,Spiral,0
1117,NGC701,01 48 36,-09 57.1,S S5 3.0,12.9,0.53,1829.0,8.0,Sx,S,S5,Spiral,0
1118,NGC7014,21 04 29,-47 22.8,E 5,13.34,0.0,4790.0,63.0,E5,E,5,Elliptical,1
1119,NGC7020,21 07 16,-64 14.0,S 35 0,12.49,0.0,3029.0,160.0,Sx,S,35,Spiral,0
1120,NGC7029,21 08 27,-49 29.6,L 15,12.59,0.0,2863.0,75.0,S0,L,15,Irregular,2
1121,NGC7038,21 11 48,-47 25.4,S S4 1.8,-12.36,0.46,4844.0,168.0,Sx,S,S4,Spiral,0
1122,NGC7041,21 13 09,-48 34.2,K 17 7,12.05,0.0,1920.0,90.0,S0,K,17,Irregular,2
1123,NGC7049,21 15 38,-48 46.4,S 54 0,11.64,0.0,2193.0,92.0,Sx,S,54,Spiral,0
1124,NGC7059,21 23 34,-60 14.0,S S5 2.0,12.92,0.5,1781.0,76.0,Sx,S,S5,Spiral,0
1125,NGC7064,21 25 34,-52 59.0,S 6 O,13.08,0.87,807.0,24.0,Sx,S,6,Spiral,0
1126,NGC7070,21 27 13,-43 18.4,SB S5 2.8,12.86,0.33,2400.0,50.0,SBx,SB,S5,Spiral,0
1127,NGC7079,21 29 22,-44 17.3,SB 1,12.54,0.0,2819.0,124.0,SBx,SB,1,Spiral,0
1128,NGC7083,21 31 52,-64 07.6,S S3 1.5,11.8,0.69,3089.0,125.0,Sx,S,S3,Spiral,0
1129,NGC7090,21 32 59,-54 46.9,SB 5 : O,11.1,0.87,846.0,15.0,SBx,SB,5,Spiral,0
1130,NGC7096,21 37 28,-64 08.2,S R1 1.0,12.59,0.0,2958.0,35.0,Sx,S,R1,Spiral,0
1131,NGC7097,21 37 04,-42 46.1,E 4,12.52,0.0,2404.0,80.0,E4,E,4,Elliptical,1
1132,NGC7107,21 39 15,-45 01.3,SB S5 R SB 9 3.5,-12.93,0.24,2487.0,144.0,SBx,SB,S5,Spiral,0
1133,NGC7119,21 43 03,-46 44.8,S S5 2.0,-13.82,0.52,9875.0,49.0,Sx,S,S5,Spiral,0
1134,NGC7124,21 44 48,-50 48.0,S 4 1.0,13.1,0.58,5027.0,153.0,Sx,S,4,Spiral,0
1135,NGC7125,21 45 38,-60 56.8,S T5 1.0,12.89,0.43,3031.0,50.0,Sx,S,T5,Spiral,0
1136,NGC7126,21 45 41,-60 50.4,S R1 :,13.1,0.84,3009.0,65.0,Sx,S,R1,Spiral,0
1137,NGC7135,21 46 48,-35 07.,L 1 P,12.61,0.0,4877.0,46.0,S0,L,1,Irregular,2
1138,NGC7137,21 45 54,21 55.6,S T5 2.8,13.05,0.31,1690.0,4.0,Sx,S,T5,Spiral,0
1139,NGC7144,21 49 30,-48 29.4,E 0,11.79,0.0,2113.0,175.0,E0,E,0,Elliptical,1
1140,NGC7145,21 50 08,-48 07.1,E 0,12.17,0.0,1921.0,57.0,E0,E,0,Elliptical,1
1141,NGC7155,21 52 56,-49 45.8,LB,12.83,0.0,1893.0,110.0,S0,LB,irrelevant,Spiral,0
1142,NGC7162,21 56 33,-43 32.7,S T4 2.0,13.29,0.64,2200.0,50.0,Sx,S,T4,Spiral,0
1143,NGC7166,21 57 27,-43 37.7,L 16,12.71,0.0,2407.0,73.0,S0,L,16,Irregular,2
1144,NGC7168,21 58 53,-51 59.0,F 13 3,12.85,0.0,2842.0,90.0,E,F,13,Irregular,2
1145,NGC7171,21 58 20,-13 30.6,S R3 1.0,13.0,0.7,2632.0,50.0,Sx,S,R3,Spiral,0
1146,NGC7177,21 58 18,17 29.9,S R2 2.2,11.95,0.64,1168.0,8.0,Sx,S,R2,Spiral,0
1147,NGC718,01 50 37,03 57.0,S 1 1.0,12.5,0.0,1802.0,40.0,Sx,S,1,Spiral,0
1148,NGC7184,21 59 54,-21 03.3,S R3 2.0,-11.67,1.1,2617.0,15.0,Sx,S,R3,Spiral,0
1149,NGC7192,22 03 08,-64 33.4,L 30,12.21,0.0,2879.0,43.0,S0,L,30,Irregular,2
1150,NGC7196,22 02 47,-50 22.0,F 53 3,12.46,0.0,2981.0,70.0,E,F,53,Irregular,2
1151,NGC720,01 50 34,-13 59.1,E 5,11.15,0.0,1697.0,22.0,E5,E,5,Elliptical,1
1152,NGC7205,22 05 06,-57 40.,S R3 2.8,-11.57,0.81,1482.0,175.0,Sx,S,R3,Spiral,0
1153,NGC7213,22 06 12,-47 25.0,S T1,11.18,0.46,1770.0,60.0,Sx,S,T1,Spiral,0
1154,NGC7217,22 05 36,31 07.0,S R3 2.5,11.08,0.52,948.0,4.0,Sx,S,R3,Spiral,0
1155,NGC7218,22 07 29,-16 54.6,S S5 2.8,12.55,0.53,1671.0,8.0,Sx,S,S5,Spiral,0
1156,NGC7232,22 12 35,-46 06.0,L 57 R S 3,12.83,0.0,1710.0,62.0,S0,L,57,Irregular,2
1157,NGC7252,22 17 58,-24 55.9,,12.87,0.0,4688.0,15.0,S0,nan,irrelevant,Irregular,2
1158,NGC7300,22 28 21,-14 15.7,S S5 1.5,13.7,0.52,4895.0,90.0,Sx,S,S5,Spiral,0
1159,NGC7302,22 29 44,-14 22.7,L 13,13.21,0.0,2586.0,65.0,S0,L,13,Irregular,2
1160,NGC7307,22 30 59,-41 11.7,SB S5 2.0,-12.84,0.83,1880.0,60.0,SBx,SB,S5,Spiral,0
1161,NGC7309,22 31 42,-10 37.0,S T5 1.5,13.05,0.3,3938.0,66.0,Sx,S,T5,Spiral,0
1162,NGC7314,22 33 00,-26 18.5,S S5 3.0,11.65,0.54,1426.0,47.0,Sx,S,S5,Spiral,0
1163,NGC7329,22 36 56,-66 44.6,SB R4 1.5,12.32,0.43,3189.0,63.0,SBx,SB,R4,Spiral,0
1164,NGC7331,22 34 47,34 09.5,S T3 1.5,10.39,1.01,820.0,4.0,Sx,S,T3,Spiral,0
1165,NGC7332,22 35 01,23 32.3,L 48,11.71,0.0,1211.0,19.0,S0,L,48,Irregular,2
1166,NGC7361,22 39 31,-30 19.2,S 5 2.5:,12.95,0.74,1232.0,28.0,Sx,S,5,Spiral,0
1167,NGC7371,22 43 25,-11 16.0,SB R1 2.0,12.8,0.22,2685.0,15.0,SBx,SB,R1,Spiral,0
1168,NGC7377,22 45 05,-22 34.6,S 4 0 P,12.61,0.0,3416.0,65.0,Sx,S,4,Spiral,0
1169,NGC7392,22 49 07,-20 52.3,S S4 1.5,12.65,0.46,2941.0,40.0,Sx,S,S4,Spiral,0
1170,NGC741,01 53 44,05 23.1,E 0,12.54,0.0,5567.0,32.0,E0,E,0,Elliptical,1
1171,NGC7410,22 52 11,-39 55.7,SB 1,11.3,1.01,1731.0,66.0,SBx,SB,1,Spiral,0
1172,NGC7412,22 52 55,-42 54.6,S T5 1.5,12.05,0.38,1714.0,12.0,Sx,S,T5,Spiral,0
1173,NGC7418,22 53 49,-37 17.6,S T5 1.8,12.0,0.35,1444.0,14.0,Sx,S,T5,Spiral,0
1174,NGC7421,22 54 06,-37 37.0,SB T4 2.5,12.68,0.3,1833.0,56.0,SBx,SB,T4,Spiral,0
1175,NGC7424,22 54 28,-41 20.4,S S5 2.3,10.99,0.32,940.0,14.0,Sx,S,S5,Spiral,0
1176,NGC7448,22 57 35,15 42.8,S R5 2.2,12.15,0.56,2235.0,26.0,Sx,S,R5,Spiral,0
1177,NGC7456,22 59 22,-39 50.3,S S5 2.5,-12.06,0.73,1206.0,15.0,Sx,S,S5,Spiral,0
1178,NGC7457,22 58 37,29 52.7,L 15,11.84,0.0,705.0,200.0,S0,L,15,Irregular,2
1179,NGC7462,22 59 58,-41 06.2,SB S5,-12.79,0.87,1036.0,41.0,SBx,SB,S5,Spiral,0
1180,NGC7469,23 00 44,08 36.3,S 2 P,12.6,0.6,4889.0,12.0,Sx,S,2,Spiral,0
1181,NGC7479,23 02 26,12 03.1,SB S4 1.5,11.7,0.37,2392.0,9.0,SBx,SB,S4,Spiral,0
1182,NGC7496,23 06 59,-43 42.0,SB S5 2.8,11.78,0.37,1472.0,16.0,SBx,SB,S5,Spiral,0
1183,NGC750,01 54 38,32 58.0,E 0,13.32,0.0,5130.0,40.0,E0,E,0,Elliptical,1
1184,NGC7507,23 09 26,-28 48.8,E 0,11.43,0.0,1548.0,12.0,E0,E,0,Elliptical,1
1185,NGC753,01 54 46,35 40.3,S T5 1.0,12.96,0.39,4896.0,14.0,Sx,S,T5,Spiral,0
1186,NGC7531,23 12 03,-43 52.4,S R4 1.5,12.14,0.6,1636.0,95.0,Sx,S,R4,Spiral,0
1187,NGC7541,23 12 11,04 15.6,S S5 2.0,12.45,0.63,2678.0,6.0,Sx,S,S5,Spiral,0
1188,NGC7552,23 13 25,-42 51.5,SB S4 1.5,11.4,0.41,1589.0,14.0,SBx,SB,S4,Spiral,0
1189,NGC7582,23 15 38,-42 38.7,SB T2,11.46,0.86,1498.0,61.0,SBx,SB,T2,Spiral,0
1190,NGC7585,23 15 28,-04 55.3,S 13 0,12.57,0.18,3356.0,49.0,Sx,S,13,Spiral,0
1191,NGC7590,23 16 11,-42 30.7,S S5 2.0,12.2,0.61,1509.0,33.0,Sx,S,S5,Spiral,0
1192,NGC7599,23 16 36,-42 31.8,S S5 2.0,12.04,0.68,1692.0,15.0,Sx,S,S5,Spiral,0
1193,NGC7600,23 16 18,-07 51.2,L 15,12.99,0.0,3391.0,60.0,S0,L,15,Irregular,2
1194,NGC7606,23 16 29,-08 45.6,S R3 1.0,11.55,0.9,2171.0,42.0,Sx,S,R3,Spiral,0
1195,NGC7619,23 17 43,07 56.0,E 3,12.21,0.0,3798.0,34.0,E3,E,3,Elliptical,1
1196,NGC7625,23 18 00,16 57.2,S P,12.8,0.24,1622.0,7.0,Sx,S,P,Spiral,0
1197,NGC7626,23 18 10,07 56.6,E 1,12.21,0.0,3403.0,14.0,E1,E,1,Elliptical,1
1198,NGC7640,23 19 43,40 34.2,SB S5 2.0:,11.44,0.84,368.0,7.0,SBx,SB,S5,Spiral,0
1199,NGC7678,23 25 59,22 08.7,SB S4 1.5,12.8,0.38,3489.0,10.0,SBx,SB,S4,Spiral,0
1200,NGC7679,23 26 14,03 14.2,S S5 R S 1 T?,13.23,0.44,5194.0,13.0,Sx,S,S5,Spiral,0
1201,NGC7689,23 30 34,-54 22.4,S T5 2.0,12.18,0.41,1766.0,125.0,Sx,S,T5,Spiral,0
1202,NGC7690,23 30 20,-51 58.6,S S2,12.69,0.87,1364.0,66.0,Sx,S,S2,Spiral,0
1203,NGC7702,23 32 46,-56 17.4,S R1,13.02,0.75,3152.0,85.0,Sx,S,R1,Spiral,0
1204,NGC7713,23 33 35,-38 13.0,S S5 2.5,-11.65,0.57,685.0,15.0,Sx,S,S5,Spiral,0
1205,NGC7716,23 33 58,00 01.3,S R2 1.0,12.95,0.52,2546.0,150.0,Sx,S,R2,Spiral,0
1206,NGC772,01 56 35,18 46.0,S T3 1.0,11.1,0.7,2443.0,10.0,Sx,S,T3,Spiral,0
1207,NGC7721,23 36 14,-06 47.7,S S4 2.2,12.3,0.58,2039.0,54.0,Sx,S,S4,Spiral,0
1208,NGC7723,23 36 22,-13 14.2,SB T3 1.5,11.85,0.62,1848.0,32.0,SBx,SB,T3,Spiral,0
1209,NGC7727,23 37 19,-12 34.2,S 1 P,11.55,0.55,1842.0,29.0,Sx,S,1,Spiral,0
1210,NGC7741,23 41 23,25 47.9,SB S5 2.2,11.88,0.41,756.0,8.0,SBx,SB,S5,Spiral,0
1211,NGC7742,23 41 43,10 29.3,S R1,12.25,0.22,1673.0,17.0,Sx,S,R1,Spiral,0
1212,NGC7743,23 41 49,09 39.3,SB 1,12.08,0.0,1802.0,65.0,SBx,SB,1,Spiral,0
1213,NGC7744,23 42 26,-43 11.4,LB13,12.35,0.0,2990.0,128.0,S0,LB13,irrelevant,Spiral,0
1214,NGC7755,23 45 15,-30 47.9,SX R4 1.5,12.1,0.37,2932.0,54.0,Sx,SX,R4,Spiral,0
1215,NGC7764,23 48 17,-41 00.5,SB 9 3.0,12.7,0.22,1692.0,17.0,SBx,SB,9,Spiral,0
1216,NGC7769,23 48 31,19 52.3,S S4 T?2.0,12.8,0.29,4349.0,187.0,Sx,S,S4,Spiral,0
1217,NGC777,01 57 21,31 11.2,E 1,-12.37,0.0,5010.0,54.0,E1,E,1,Elliptical,1
1218,NGC7782,23 51 21,07 41.5,S S3 1.5,13.1,0.74,5368.0,50.0,Sx,S,S3,Spiral,0
1219,NGC7785,23 52 46,05 38.3,E 5,12.67,0.0,3830.0,40.0,E5,E,5,Elliptical,1
1220,NGC779,01 57 12,-06 12.3,S T3 1.5,11.86,1.06,1387.0,9.0,Sx,S,T3,Spiral,0
1221,NGC7793,23 55 15,-32 52.1,S S7 4.0,9.65,0.4,217.0,8.0,Sx,S,S7,Spiral,0
1222,NGC7796,23 56 27,-55 44.4,E 1,12.32,0.0,3358.0,82.0,E1,E,1,Elliptical,1
1223,NGC7814,00 00 41,15 52.0,S 2U,11.35,0.94,1047.0,50.0,Sx,S,2U,Spiral,0
1224,NGC782,01 55 59,-58 02.0,SB R3 1.5,12.83,0.47,6014.0,43.0,SBx,SB,R3,Spiral,0
1225,NGC788,01 58 37,-07 03.3,S 1,13.0,0.0,4137.0,65.0,Sx,S,1,Spiral,0
1226,NGC821,02 05 41,10 45.5,E 6,11.94,0.0,1727.0,32.0,E7,E,6,Elliptical,1
1227,NGC864,02 12 50,05 46.2,S R4 2.5,11.55,0.38,1561.0,9.0,Sx,S,R4,Spiral,0
1228,NGC877,02 15 16,14 18.9,S S5 1.5,12.5,0.38,3911.0,9.0,Sx,S,S5,Spiral,0
1229,NGC890,02 19 02,33 02.3,L 15,12.43,0.0,4043.0,65.0,S0,L,15,Irregular,2
1230,NGC891,02 19 25,42 07.2,S 3 O,10.95,1.33,530.0,4.0,Sx,S,3,Spiral,0
1231,NGC895,02 19 06,-05 45.0,S R5 1.0,12.3,0.38,2290.0,6.0,Sx,S,R5,Spiral,0
1232,NGC908,02 20 47,-21 27.7,S S5 1.5,10.87,0.54,1542.0,100.0,Sx,S,S5,Spiral,0
1233,NGC922,02 22 49,-25 01.1,S S5 P 2.2,12.55,0.31,3058.0,33.0,Sx,S,S5,Spiral,0
1234,NGC925,02 24 18,33 21.1,SB S5 2.5,10.59,0.46,564.0,5.0,SBx,SB,S5,Spiral,0
1235,NGC936,02 25 05,-01 22.7,SB4 0,11.19,0.0,1404.0,35.0,SBx,SB4,0,Spiral,0
1236,NGC941,02 25 55,-01 22.5,S 6 3.0,12.94,0.38,1609.0,15.0,Sx,S,6,Spiral,0
1237,NGC949,02 27 39,36 54.7,S S5 3.0,12.55,0.45,620.0,19.0,Sx,S,S5,Spiral,0
1238,NGC95,00 19 39,10 12.9,S S5 1.8,13.25,0.37,4886.0,96.0,Sx,S,S5,Spiral,0
1239,NGC955,02 28 00,-01 19.8,S 3,12.95,1.11,1534.0,43.0,Sx,S,3,Spiral,0
1240,NGC958,02 28 11,-03 09.8,S S4 2.0,12.95,0.64,5738.0,14.0,Sx,S,S4,Spiral,0
1241,NGC972,02 31 17,29 05.5,S 3 P,12.1,0.78,1548.0,8.0,Sx,S,3,Spiral,0
1242,NGC976,02 31 11,20 45.4,S R4 1.5,13.21,0.33,4362.0,58.0,Sx,S,R4,Spiral,0
1243,NGC986,02 31 34,-39 15.9,SB T3 1.5,11.8,0.59,2073.0,200.0,SBx,SB,T3,Spiral,0
1244,NGC991,02 33 03,-07 22.0,S T5 2.0,-12.42,0.3,1530.0,15.0,Sx,S,T5,Spiral,0
1245,NGC4517A,12 29 55,00 39.9,S 7 4.0,12.65,0.4,1521.0,28.0,Sx,S,7,Spiral,0
1246,SMC,00 51 00,-73 06.,I 9 4.5,2.79,0.25,163.0,5.0,I,I,9,Irregular,2
1247,,-1950.0,-1950.0,,,,,,,nan,irrelevant,Irregular,2
